2025-03-30 14:20:03,488 - ecommerce_crawler - INFO - Starting crawl for domain: https://www.virgio.com/
2025-03-30 14:20:05,574 - ecommerce_crawler - INFO - Found product URL: https://www.virgio.com/products/veronicas-chic-cotton-co-ords
2025-03-30 14:20:05,574 - ecommerce_crawler - INFO - Found product URL: https://www.virgio.com/products/date-chic-red-solid-co-ords
2025-03-30 14:20:05,574 - ecommerce_crawler - INFO - Found product URL: https://www.virgio.com/products/date-breezy-black-relaxed-trousers
2025-03-30 14:20:05,574 - ecommerce_crawler - INFO - Found product URL: https://www.virgio.com/products/date-comfy-beige-relaxed-trousers
2025-03-30 14:20:05,574 - ecommerce_crawler - INFO - Found product URL: https://www.virgio.com/products/veronicas-retro-cotton-pleated-skirt
2025-03-30 14:20:05,704 - ecommerce_crawler - INFO - Found product URL: https://www.virgio.com/products/veronicas-playful-cotton-checked-skirt
2025-03-30 14:20:14,520 - ecommerce_crawler - WARNING - Failed to fetch https://www.virgio.com/collections/bottomwear-date: HTTP 404
2025-03-30 14:20:16,774 - ecommerce_crawler - INFO - Found product URL: https://www.virgio.com/products/reworked-shirt-pleated-detail-striped-shirt
2025-03-30 14:20:16,775 - ecommerce_crawler - INFO - Found product URL: https://www.virgio.com/products/reworked-shirt-high-low-mandarin-collar-top
2025-03-30 14:20:16,776 - ecommerce_crawler - INFO - Found product URL: https://www.virgio.com/products/reworked-shirt-striped-high-low-layer-top
2025-03-30 14:20:16,776 - ecommerce_crawler - INFO - Found product URL: https://www.virgio.com/products/lease-line-hit2-olive-front-open-twill-dress
2025-03-30 14:20:16,777 - ecommerce_crawler - INFO - Found product URL: https://www.virgio.com/products/lease-line-hit2-front-tie-up-printed-dress
2025-03-30 14:20:16,777 - ecommerce_crawler - INFO - Found product URL: https://www.virgio.com/products/lease-line-hit2-tiered-waist-gathered-dress
2025-03-30 14:20:16,778 - ecommerce_crawler - INFO - Found product URL: https://www.virgio.com/products/summer-stripes-fitted-waist-shirt-dress
2025-03-30 14:20:16,778 - ecommerce_crawler - INFO - Found product URL: https://www.virgio.com/products/temple-flower-temple-flower-printed-shirt
2025-03-30 14:20:16,778 - ecommerce_crawler - INFO - Found product URL: https://www.virgio.com/products/temple-flower-linen-striped-pleated-skirt
2025-03-30 14:20:16,778 - ecommerce_crawler - INFO - Found product URL: https://www.virgio.com/products/temple-flower-eco-printed-tie-up-waistcoat
2025-03-30 14:20:16,778 - ecommerce_crawler - INFO - Found product URL: https://www.virgio.com/products/temple-flower-eco-printed-asymmetric-waistcoat
2025-03-30 14:20:16,778 - ecommerce_crawler - INFO - Found product URL: https://www.virgio.com/products/temple-flower-striped-wide-leg-linen-pants
2025-03-30 14:20:16,779 - ecommerce_crawler - INFO - Found product URL: https://www.virgio.com/products/temple-flower-eco-printed-slit-sleeve-top
2025-03-30 14:20:16,779 - ecommerce_crawler - INFO - Found product URL: https://www.virgio.com/products/temple-flower-striped-asymmetrical-wrap-top
2025-03-30 14:20:16,779 - ecommerce_crawler - INFO - Found product URL: https://www.virgio.com/products/summer-stripes-striped-tiered-midi-skirt
2025-03-30 14:20:16,779 - ecommerce_crawler - INFO - Found product URL: https://www.virgio.com/products/summer-stripes-buttoned-pointed-hem-vest
2025-03-30 14:20:16,779 - ecommerce_crawler - INFO - Found product URL: https://www.virgio.com/products/summer-stripes-asymmetric-wrap-wide-legs
2025-03-30 14:20:16,780 - ecommerce_crawler - INFO - Found product URL: https://www.virgio.com/products/summer-stripes-button-front-flared-dress
2025-03-30 14:20:16,780 - ecommerce_crawler - INFO - Found product URL: https://www.virgio.com/products/summer-stripes-ruched-striped-midi-dress
2025-03-30 14:20:16,780 - ecommerce_crawler - INFO - Found product URL: https://www.virgio.com/products/summer-stripes-striped-buttoned-v-neck-vest
2025-03-30 14:20:16,780 - ecommerce_crawler - INFO - Found product URL: https://www.virgio.com/products/soft-romance-peter-pan-collar-boxy-shirt
2025-03-30 14:20:16,781 - ecommerce_crawler - INFO - Found product URL: https://www.virgio.com/products/gothic-boheme-hit2-shoulder-tie-up-dress-with-lace
2025-03-30 14:20:16,781 - ecommerce_crawler - INFO - Found product URL: https://www.virgio.com/products/gothic-boheme-hit2-black-embroidered-vest
2025-03-30 14:20:16,781 - ecommerce_crawler - INFO - Found product URL: https://www.virgio.com/products/gothic-boheme-hit2-white-ruffle-midi-skirt
2025-03-30 14:20:16,781 - ecommerce_crawler - INFO - Found product URL: https://www.virgio.com/products/chic-serenade1-denim-banded-midi-dress
2025-03-30 14:20:16,782 - ecommerce_crawler - INFO - Found product URL: https://www.virgio.com/products/smocking-poplin-empire-flare-cotton-dress
2025-03-30 14:20:16,782 - ecommerce_crawler - INFO - Found product URL: https://www.virgio.com/products/chic-serenade1-denim-flared-midi-dress
2025-03-30 14:20:16,782 - ecommerce_crawler - INFO - Found product URL: https://www.virgio.com/products/whispering-clouds-dolman-sleeve-shirt-dress
2025-03-30 14:20:16,782 - ecommerce_crawler - INFO - Found product URL: https://www.virgio.com/products/chic-serenade1-denim-banded-flared-dress
2025-03-30 14:20:16,782 - ecommerce_crawler - INFO - Found product URL: https://www.virgio.com/products/denimdaze-hit3strappy-fit-and-flare-dress
2025-03-30 14:20:16,782 - ecommerce_crawler - INFO - Found product URL: https://www.virgio.com/products/whispering-clouds-blue-strappy-mini-dress
2025-03-30 14:20:16,784 - ecommerce_crawler - INFO - Found product URL: https://www.virgio.com/products/ric-rac-lace-floral-tie-strap-mini-dress
2025-03-30 14:20:16,784 - ecommerce_crawler - INFO - Found product URL: https://www.virgio.com/products/denim-daze-hit3-strappy-smocking-denim-dress
2025-03-30 14:20:16,784 - ecommerce_crawler - INFO - Found product URL: https://www.virgio.com/products/denim-daze-hit3-blue-denim-smocking-dress
2025-03-30 14:20:16,785 - ecommerce_crawler - INFO - Found product URL: https://www.virgio.com/products/retro-cotton-mini-jumpsuit
2025-03-30 14:20:16,785 - ecommerce_crawler - INFO - Found product URL: https://www.virgio.com/products/ss24-airy-cotton-fit-and-flare-dress-with-elasticated-waist
2025-03-30 14:20:16,785 - ecommerce_crawler - INFO - Found product URL: https://www.virgio.com/products/poppy-poplin-stylish-cotton-midi-dress
2025-03-30 14:20:16,785 - ecommerce_crawler - INFO - Found product URL: https://www.virgio.com/products/reworked-shirt-gorgeous-lycra-midi-dress
2025-03-30 14:20:16,786 - ecommerce_crawler - INFO - Found product URL: https://www.virgio.com/products/smocking-poplin-regal-flare-cotton-dress
2025-03-30 14:20:16,786 - ecommerce_crawler - INFO - Found product URL: https://www.virgio.com/products/smocking-poplin-cosmic-flare-cottton-dress
2025-03-30 14:20:16,786 - ecommerce_crawler - INFO - Found product URL: https://www.virgio.com/products/rose-revival-cotton-tiered-flared-dress
2025-03-30 14:20:16,786 - ecommerce_crawler - INFO - Found product URL: https://www.virgio.com/products/brightlinen-viscose-linen-mini-dress
2025-03-30 14:20:16,787 - ecommerce_crawler - INFO - Found product URL: https://www.virgio.com/products/smocking-hot-hit3-elasticated-waist-midi-dress
2025-03-30 14:20:16,787 - ecommerce_crawler - INFO - Found product URL: https://www.virgio.com/products/roselle-waist-detail-midi-dress
2025-03-30 14:20:36,732 - ecommerce_crawler - INFO - Found product URL: https://www.virgio.com/products/sootelle-waist-detail-midi-dress
2025-03-30 14:20:36,732 - ecommerce_crawler - INFO - Found product URL: https://www.virgio.com/products/modern-muse-pink-shirt-dress-with-vest
2025-03-30 14:20:36,732 - ecommerce_crawler - INFO - Found product URL: https://www.virgio.com/products/rose-revival-cotton-floral-co-ord-set
2025-03-30 14:20:36,732 - ecommerce_crawler - INFO - Found product URL: https://www.virgio.com/products/rose-revival-recycled-poly-co-ord-set
2025-03-30 14:20:36,732 - ecommerce_crawler - INFO - Found product URL: https://www.virgio.com/products/rose-revival-recycled-poly-shirt-shorts-set
2025-03-30 14:20:36,732 - ecommerce_crawler - INFO - Found product URL: https://www.virgio.com/products/youth-linen-cotton-vest-and-skirt-set
2025-03-30 14:20:36,732 - ecommerce_crawler - INFO - Found product URL: https://www.virgio.com/products/ric-rac-lace-top-skirt-white-co-ords
2025-03-30 14:20:36,732 - ecommerce_crawler - INFO - Found product URL: https://www.virgio.com/products/perfect-match-balinese-cotton-co-ord
2025-03-30 14:20:36,732 - ecommerce_crawler - INFO - Found product URL: https://www.virgio.com/products/hernes-cotton-polka-twin-set
2025-03-30 14:20:36,732 - ecommerce_crawler - INFO - Found product URL: https://www.virgio.com/products/youth-linen-cotton-floral-co-ord-set
2025-03-30 14:20:36,742 - ecommerce_crawler - INFO - Found product URL: https://www.virgio.com/products/youth-linen-cotton-printed-co-ord-set
2025-03-30 14:20:36,742 - ecommerce_crawler - INFO - Found product URL: https://www.virgio.com/products/perfect-match-ethereal-cotton-co-ord
2025-03-30 14:20:36,742 - ecommerce_crawler - INFO - Found product URL: https://www.virgio.com/products/perfect-match-sublime-poplin-co-ord
2025-03-30 14:20:36,742 - ecommerce_crawler - INFO - Found product URL: https://www.virgio.com/products/upcycle-baby-pink-ruffle-co-ord-set
2025-03-30 14:20:36,742 - ecommerce_crawler - INFO - Found product URL: https://www.virgio.com/products/rose-revival-viscose-linen-co-ord-set
2025-03-30 14:20:36,743 - ecommerce_crawler - INFO - Found product URL: https://www.virgio.com/products/youth-linen-cotton-scallop-co-ord-set
2025-03-30 14:20:36,743 - ecommerce_crawler - INFO - Found product URL: https://www.virgio.com/products/rose-revival-viscose-floral-co-ord-set
2025-03-30 14:20:36,743 - ecommerce_crawler - INFO - Found product URL: https://www.virgio.com/products/perfect-match-torrid-cotton-co-ord
2025-03-30 14:20:36,743 - ecommerce_crawler - INFO - Found product URL: https://www.virgio.com/products/rose-revival-viscose-linen-co-ords
2025-03-30 14:20:36,743 - ecommerce_crawler - INFO - Found product URL: https://www.virgio.com/products/poppy-poplin-cotton-floral-co-ord-set
2025-03-30 14:20:36,745 - ecommerce_crawler - INFO - Found product URL: https://www.virgio.com/products/perfect-match-floral-modal-co-ord
2025-03-30 14:20:36,745 - ecommerce_crawler - INFO - Found product URL: https://www.virgio.com/products/ric-rac-lace-blue-lace-detail-co-ords
2025-03-30 14:20:36,745 - ecommerce_crawler - INFO - Found product URL: https://www.virgio.com/products/smocking-hot-hit2-cotton-peplum-co-ord-set
2025-03-30 14:20:36,745 - ecommerce_crawler - INFO - Found product URL: https://www.virgio.com/products/tiffany-versatile-cotton-striped-co-ords
2025-03-30 14:20:36,746 - ecommerce_crawler - INFO - Found product URL: https://www.virgio.com/products/retro-cotton-gingham-co-ord
2025-03-30 14:20:36,746 - ecommerce_crawler - INFO - Found product URL: https://www.virgio.com/products/nubohem-comfy-cotton-crop-top-with-flared-shorts
2025-03-30 14:20:36,746 - ecommerce_crawler - INFO - Found product URL: https://www.virgio.com/products/temple-flower-pleated-temple-flower-pants
2025-03-30 14:20:36,747 - ecommerce_crawler - INFO - Found product URL: https://www.virgio.com/products/autumn-pop-abstract-floral-printed-shorts
2025-03-30 14:20:36,747 - ecommerce_crawler - INFO - Found product URL: https://www.virgio.com/products/autumn-pop-abstract-floral-printed-pants
2025-03-30 14:20:36,747 - ecommerce_crawler - INFO - Found product URL: https://www.virgio.com/products/autumn-pop-floral-printed-pants
2025-03-30 14:20:36,747 - ecommerce_crawler - INFO - Found product URL: https://www.virgio.com/products/gothic-boheme-hit2-maroon-ruffle-midi-skirt
2025-03-30 14:20:36,748 - ecommerce_crawler - INFO - Found product URL: https://www.virgio.com/products/vintage-vogue-white-pleated-shorts
2025-03-30 14:20:36,748 - ecommerce_crawler - INFO - Found product URL: https://www.virgio.com/products/artisans-aura-jaipur-hand-block-print-front-tie-shorts
2025-03-30 14:20:36,750 - ecommerce_crawler - INFO - Found product URL: https://www.virgio.com/products/artisans-aura-handcrafted-jaipur-hand-block-print-wrap-skirt
2025-03-30 14:20:36,751 - ecommerce_crawler - INFO - Found product URL: https://www.virgio.com/products/vintage-vogue-block-print-bootcut-pants
2025-03-30 14:20:36,751 - ecommerce_crawler - INFO - Found product URL: https://www.virgio.com/products/academic-edge-hit1-pink-pull-on-shorts
2025-03-30 14:20:36,751 - ecommerce_crawler - INFO - Found product URL: https://www.virgio.com/products/academic-edge-hit1-blue-pull-on-shorts
2025-03-30 14:20:36,752 - ecommerce_crawler - INFO - Found product URL: https://www.virgio.com/products/denim-daze-hit4-blue-regular-flared-denims
2025-03-30 14:20:36,752 - ecommerce_crawler - INFO - Found product URL: https://www.virgio.com/products/denim-daze-hit4-blue-straight-flared-denims
2025-03-30 14:20:36,753 - ecommerce_crawler - INFO - Found product URL: https://www.virgio.com/products/artisans-aura-jaipur-hand-block-print-wrap-pants
2025-03-30 14:20:36,755 - ecommerce_crawler - INFO - Found product URL: https://www.virgio.com/products/work-wear-china-khakhi-high-waist-pants
2025-03-30 14:20:36,756 - ecommerce_crawler - INFO - Found product URL: https://www.virgio.com/products/whispering-clouds-black-paperbag-waist-pants
2025-03-30 14:20:56,082 - ecommerce_crawler - INFO - Found product URL: https://www.virgio.com/products/work-wear-china-black-high-waist-pants
2025-03-30 14:20:56,082 - ecommerce_crawler - INFO - Found product URL: https://www.virgio.com/products/work-wear-china-button-detail-midi-skirt
2025-03-30 14:20:56,082 - ecommerce_crawler - INFO - Found product URL: https://www.virgio.com/products/work-wear-china-olive-button-detail-skirt
2025-03-30 14:20:56,082 - ecommerce_crawler - INFO - Found product URL: https://www.virgio.com/products/brightlinen-cotton-linen-boxy-shirt
2025-03-30 14:20:56,082 - ecommerce_crawler - INFO - Found product URL: https://www.virgio.com/products/autumn-pop-abstract-floral-printed-shirt
2025-03-30 14:20:56,082 - ecommerce_crawler - INFO - Found product URL: https://www.virgio.com/products/autumn-pop-floral-printed-shirt
2025-03-30 14:20:56,082 - ecommerce_crawler - INFO - Found product URL: https://www.virgio.com/products/youth-linen-cotton-printed-boxy-shirt
2025-03-30 14:20:56,082 - ecommerce_crawler - INFO - Found product URL: https://www.virgio.com/products/9to9-side-shoulder-pleated-top
2025-03-30 14:20:56,082 - ecommerce_crawler - INFO - Found product URL: https://www.virgio.com/products/rose-revival-recycled-poly-floral-shirt
2025-03-30 14:20:56,082 - ecommerce_crawler - INFO - Found product URL: https://www.virgio.com/products/9to9-brown-shoulder-pleated-top
2025-03-30 14:20:56,082 - ecommerce_crawler - INFO - Found product URL: https://www.virgio.com/products/rose-revival-viscose-floral-print-shirt
2025-03-30 14:20:56,082 - ecommerce_crawler - INFO - Found product URL: https://www.virgio.com/products/rose-revival-viscose-full-sleeve-shirt
2025-03-30 14:20:56,082 - ecommerce_crawler - INFO - Found product URL: https://www.virgio.com/products/youth-linen-cotton-boxy-collar-shirt
2025-03-30 14:20:56,082 - ecommerce_crawler - INFO - Found product URL: https://www.virgio.com/products/9to9-viscose-oversized-shirt
2025-03-30 14:20:56,082 - ecommerce_crawler - INFO - Found product URL: https://www.virgio.com/products/soft-romance-bell-sleeve-regular-shirt
2025-03-30 14:20:56,082 - ecommerce_crawler - INFO - Found product URL: https://www.virgio.com/products/youth-linen-cotton-boxy-shirt
2025-03-30 14:20:56,082 - ecommerce_crawler - INFO - Found product URL: https://www.virgio.com/products/rose-revival-recycled-poly-cargo-shirt
2025-03-30 14:20:56,082 - ecommerce_crawler - INFO - Found product URL: https://www.virgio.com/products/reworked-shirt-suave-cotton-striped-shirt
2025-03-30 14:20:56,091 - ecommerce_crawler - INFO - Found product URL: https://www.virgio.com/products/9to9-cotton-cap-sleeve-shirt
2025-03-30 14:20:56,091 - ecommerce_crawler - INFO - Found product URL: https://www.virgio.com/products/poppy-poplin-chic-cotton-floral-shirt
2025-03-30 14:20:56,091 - ecommerce_crawler - INFO - Found product URL: https://www.virgio.com/products/whispering-clouds-embroidered-oversized-shirt
2025-03-30 14:20:56,091 - ecommerce_crawler - INFO - Found product URL: https://www.virgio.com/products/tailored-elegance-back-cutout-regular-shirt
2025-03-30 14:20:56,091 - ecommerce_crawler - INFO - Found product URL: https://www.virgio.com/products/pantone-floral-print-blocked-shirt
2025-03-30 14:20:56,092 - ecommerce_crawler - INFO - Found product URL: https://www.virgio.com/products/poppy-poplin-cotton-puff-sleeve-shirt
2025-03-30 14:20:56,092 - ecommerce_crawler - INFO - Found product URL: https://www.virgio.com/products/whispering-clouds-collared-high-low-hem-top
2025-03-30 14:20:56,092 - ecommerce_crawler - INFO - Found product URL: https://www.virgio.com/products/perfect-match-throw-on-top-and-shirt
2025-03-30 14:20:56,092 - ecommerce_crawler - INFO - Found product URL: https://www.virgio.com/products/linenluxe-glam-jumpsuit-with-cut-out
2025-03-30 14:20:56,092 - ecommerce_crawler - INFO - Found product URL: https://www.virgio.com/products/ss24-sleek-poly-viscose-front-overlap-jumpsuit
2025-03-30 14:20:56,093 - ecommerce_crawler - INFO - Found product URL: https://www.virgio.com/products/reworked-front-twist-halter-neck-jumpsuit
2025-03-30 14:20:56,093 - ecommerce_crawler - INFO - Found product URL: https://www.virgio.com/products/utility-chic-comfy-lycra-boiler-suit
2025-03-30 14:20:56,093 - ecommerce_crawler - INFO - Found product URL: https://www.virgio.com/products/linenluxe-classy-jumpsuit-with-cut-out
2025-03-30 14:20:56,093 - ecommerce_crawler - INFO - Found product URL: https://www.virgio.com/products/linenluxe-comfy-cotton-playsuit
2025-03-30 14:20:56,093 - ecommerce_crawler - INFO - Found product URL: https://www.virgio.com/products/linenluxe-pretty-cotton-playsuit
2025-03-30 14:20:56,094 - ecommerce_crawler - INFO - Found product URL: https://www.virgio.com/products/veronicas-soft-cotton-floral-playsuit
2025-03-30 14:20:56,094 - ecommerce_crawler - INFO - Found product URL: https://www.virgio.com/products/retro-cotton-mini-playsuit
2025-03-30 14:20:56,094 - ecommerce_crawler - INFO - Found product URL: https://www.virgio.com/products/ss24-chic-cotton-pinafore-romper
2025-03-30 14:20:56,094 - ecommerce_crawler - INFO - Found product URL: https://www.virgio.com/products/veronicas-comfy-cotton-striped-playsuit
2025-03-30 14:20:56,095 - ecommerce_crawler - INFO - Found product URL: https://www.virgio.com/products/pantone-brown-flared-leg-jumpsuit
2025-03-30 14:21:13,980 - ecommerce_crawler - INFO - Found product URL: https://www.virgio.com/products/party-wear-black-embellished-dolman-top
2025-03-30 14:21:13,980 - ecommerce_crawler - INFO - Found product URL: https://www.virgio.com/products/party-wear-maroon-embellished-dolman-top
2025-03-30 14:21:13,980 - ecommerce_crawler - INFO - Found product URL: https://www.virgio.com/products/academic-edge-hit2-distressed-wash-embroidered-tee
2025-03-30 14:21:13,980 - ecommerce_crawler - INFO - Found product URL: https://www.virgio.com/products/academic-edge-hit2-grey-overlap-knit-tee
2025-03-30 14:21:13,995 - ecommerce_crawler - INFO - Found product URL: https://www.virgio.com/products/academic-edge-hit2-embroidered-distressed-wash-tee
2025-03-30 14:21:13,995 - ecommerce_crawler - INFO - Found product URL: https://www.virgio.com/products/temple-flower-eco-printed-side-slit-tunic
2025-03-30 14:21:13,995 - ecommerce_crawler - INFO - Found product URL: https://www.virgio.com/products/gothic-boheme-hit2-black-lace-detail-shirt
2025-03-30 14:21:13,995 - ecommerce_crawler - INFO - Found product URL: https://www.virgio.com/products/gothic-boheme-hit2-red-lace-detail-shirt
2025-03-30 14:21:13,995 - ecommerce_crawler - INFO - Found product URL: https://www.virgio.com/products/gothic-boheme-hit2-front-tie-embroidered-top
2025-03-30 14:21:13,995 - ecommerce_crawler - INFO - Found product URL: https://www.virgio.com/products/gothic-boheme-hit2-white-embroidered-vest
2025-03-30 14:21:13,995 - ecommerce_crawler - INFO - Found product URL: https://www.virgio.com/products/gothic-boheme-hit2-black-contrast-embroidery-top
2025-03-30 14:21:13,995 - ecommerce_crawler - INFO - Found product URL: https://www.virgio.com/products/gothic-boheme-hit2-white-contrast-embroidery-top
2025-03-30 14:21:13,998 - ecommerce_crawler - INFO - Found product URL: https://www.virgio.com/products/gothic-boheme-hit2-embroidered-top-with-front-tie
2025-03-30 14:21:13,998 - ecommerce_crawler - INFO - Found product URL: https://www.virgio.com/products/retro-cotton-halter-neck-top
2025-03-30 14:21:13,998 - ecommerce_crawler - INFO - Found product URL: https://www.virgio.com/products/elevated-essential-h1-sleek-knit-sleeveless-top
2025-03-30 14:21:13,999 - ecommerce_crawler - INFO - Found product URL: https://www.virgio.com/products/work-wear-china-square-neck-fitted-dress
2025-03-30 14:21:13,999 - ecommerce_crawler - INFO - Found product URL: https://www.virgio.com/products/ruffle-romance-asymmetrical-hem-frill-dress
2025-03-30 14:21:13,999 - ecommerce_crawler - INFO - Found product URL: https://www.virgio.com/products/work-wear-china-beige-jail-stripe-waistcoat
2025-03-30 14:21:13,999 - ecommerce_crawler - INFO - Found product URL: https://www.virgio.com/products/rose-revival-recycled-poly-floral-skirt
2025-03-30 14:21:14,000 - ecommerce_crawler - INFO - Found product URL: https://www.virgio.com/products/work-wear-china-side-gathered-midi-dress
2025-03-30 14:21:14,000 - ecommerce_crawler - INFO - Found product URL: https://www.virgio.com/products/9to9-cotton-top-pants-co-ord
2025-03-30 14:21:14,000 - ecommerce_crawler - INFO - Found product URL: https://www.virgio.com/products/papillon-charm-asymmetrical-neck-maxi-dress
2025-03-30 14:21:14,000 - ecommerce_crawler - INFO - Found product URL: https://www.virgio.com/products/papillon-charm-butterfly-printed-shirt
2025-03-30 14:21:14,000 - ecommerce_crawler - INFO - Found product URL: https://www.virgio.com/products/papillon-charm-one-shoulder-maxi-dress
2025-03-30 14:21:14,001 - ecommerce_crawler - INFO - Found product URL: https://www.virgio.com/products/papillon-charm-butterfly-print-midi-dress
2025-03-30 14:21:14,001 - ecommerce_crawler - INFO - Found product URL: https://www.virgio.com/products/ruffle-romance-green-ruffle-midi-dress
2025-03-30 14:21:14,001 - ecommerce_crawler - INFO - Found product URL: https://www.virgio.com/products/ruffle-romance-long-sleeve-ruffle-dress
2025-03-30 14:21:14,001 - ecommerce_crawler - INFO - Found product URL: https://www.virgio.com/products/ruffle-romance-black-ruffle-dress-with-slit
2025-03-30 14:21:14,001 - ecommerce_crawler - INFO - Found product URL: https://www.virgio.com/products/ruffle-romance-blue-ruffle-dress-with-slit
2025-03-30 14:21:14,001 - ecommerce_crawler - INFO - Found product URL: https://www.virgio.com/products/9to9-cotton-dress-with-belt
2025-03-30 14:21:14,002 - ecommerce_crawler - INFO - Found product URL: https://www.virgio.com/products/rose-revival-boat-neck-floral-maxi-dress
2025-03-30 14:21:14,002 - ecommerce_crawler - INFO - Found product URL: https://www.virgio.com/products/9to9-cotton-strapless-top
2025-03-30 14:21:14,002 - ecommerce_crawler - INFO - Found product URL: https://www.virgio.com/products/rose-revival-viscose-gathered-dress
2025-03-30 14:21:14,003 - ecommerce_crawler - INFO - Found product URL: https://www.virgio.com/products/youth-linen-scallop-cotton-midi-dress
2025-03-30 14:21:29,997 - ecommerce_crawler - INFO - Found product URL: https://www.virgio.com/products/poppy-poplin-dress-with-gather-details
2025-03-30 14:21:29,997 - ecommerce_crawler - INFO - Found product URL: https://www.virgio.com/products/vintage-bloom-cotton-smocking-maxi-dress
2025-03-30 14:21:29,997 - ecommerce_crawler - INFO - Found product URL: https://www.virgio.com/products/utility-chic-jacket-front-open-twill-dress
2025-03-30 14:21:29,997 - ecommerce_crawler - INFO - Found product URL: https://www.virgio.com/products/rose-revival-viscose-floral-midi-dress
2025-03-30 14:21:29,997 - ecommerce_crawler - INFO - Found product URL: https://www.virgio.com/products/shimmering-front-tie-up-metallic-dress-with-pockets
2025-03-30 14:21:29,997 - ecommerce_crawler - INFO - Found product URL: https://www.virgio.com/products/rosebud-corsage-bodycon-dress
2025-03-30 14:21:29,997 - ecommerce_crawler - INFO - Found product URL: https://www.virgio.com/products/cinched-silhouette-mini-dress-with-pockets
2025-03-30 14:21:30,012 - ecommerce_crawler - INFO - Found product URL: https://www.virgio.com/products/blossom-blouson-green-dress-with-pockets
2025-03-30 14:21:30,012 - ecommerce_crawler - INFO - Found product URL: https://www.virgio.com/products/polka-dot-serenade-in-black-with-pockets
2025-03-30 14:21:30,012 - ecommerce_crawler - INFO - Found product URL: https://www.virgio.com/products/ruby-rapture-knee-length-dress
2025-03-30 14:21:30,013 - ecommerce_crawler - INFO - Found product URL: https://www.virgio.com/products/schiffli-fit-and-flare-dress-with-puff-sleeves
2025-03-30 14:21:30,013 - ecommerce_crawler - INFO - Found product URL: https://www.virgio.com/products/sultry-recycled-polyester-floral-skirt
2025-03-30 14:21:30,014 - ecommerce_crawler - INFO - Found product URL: https://www.virgio.com/products/rainbow-breeze-mini-delight-with-pockets
2025-03-30 14:21:30,014 - ecommerce_crawler - INFO - Found product URL: https://www.virgio.com/products/citrus-splash-polka-dot-dress-with-pockets
2025-03-30 14:21:30,014 - ecommerce_crawler - INFO - Found product URL: https://www.virgio.com/products/vivid-v-neck-frill-elegance-with-pockets
2025-03-30 14:21:30,014 - ecommerce_crawler - INFO - Found product URL: https://www.virgio.com/products/glam-lycra-satin-ruching-skirt
2025-03-30 14:21:30,014 - ecommerce_crawler - INFO - Found product URL: https://www.virgio.com/products/floral-reverie-v-neck-maxi-dress
2025-03-30 14:21:30,015 - ecommerce_crawler - INFO - Found product URL: https://www.virgio.com/products/classy-lycra-satin-floral-bomber-jacket
2025-03-30 14:21:30,015 - ecommerce_crawler - INFO - Found product URL: https://www.virgio.com/products/floral-fantasy-button-down-dress-with-pockets
2025-03-30 14:21:30,015 - ecommerce_crawler - INFO - Found product URL: https://www.virgio.com/products/nautical-bloom-smocked-dress-with-pockets
2025-03-30 14:21:30,016 - ecommerce_crawler - INFO - Found product URL: https://www.virgio.com/products/sleek-blue-animal-print-dress
2025-03-30 14:21:30,016 - ecommerce_crawler - INFO - Found product URL: https://www.virgio.com/products/animal-print-v-neck-mini-dress
2025-03-30 14:21:30,016 - ecommerce_crawler - INFO - Found product URL: https://www.virgio.com/products/elevated-essential-h1-charming-knit-crop-t-shirt
2025-03-30 14:21:30,017 - ecommerce_crawler - INFO - Found product URL: https://www.virgio.com/products/elevated-essential-h1-airy-knit-boxy-t-shirt
2025-03-30 14:21:30,017 - ecommerce_crawler - INFO - Found product URL: https://www.virgio.com/products/tranquil-checks-cotton-gingham-tie-top
2025-03-30 14:21:30,017 - ecommerce_crawler - INFO - Found product URL: https://www.virgio.com/products/retro-cottton-front-tie-crop-top
2025-03-30 14:21:30,017 - ecommerce_crawler - INFO - Found product URL: https://www.virgio.com/products/smocking-hot-hit2-cotton-twill-smocking-top
2025-03-30 14:21:48,094 - ecommerce_crawler - INFO - Found product URL: https://www.virgio.com/products/pantone-puff-sleeve-smocked-dress
2025-03-30 14:21:48,095 - ecommerce_crawler - INFO - Found product URL: https://www.virgio.com/products/pantone-strappy-tiered-lace-dress
2025-03-30 14:21:48,095 - ecommerce_crawler - INFO - Found product URL: https://www.virgio.com/products/pantone-strappy-gathered-dress
2025-03-30 14:21:48,095 - ecommerce_crawler - INFO - Found product URL: https://www.virgio.com/products/pantone-brown-straight-fit-trousers
2025-03-30 14:21:48,096 - ecommerce_crawler - INFO - Found product URL: https://www.virgio.com/products/pantone-smocked-sleeveless-mini-dress
2025-03-30 14:21:48,096 - ecommerce_crawler - INFO - Found product URL: https://www.virgio.com/products/pantone-colour-blocked-layered-dress
2025-03-30 14:21:48,096 - ecommerce_crawler - INFO - Found product URL: https://www.virgio.com/products/pantone-colour-block-bow-tie-up-top
2025-03-30 14:21:48,097 - ecommerce_crawler - INFO - Found product URL: https://www.virgio.com/products/modern-muse-embroidery-sleeveless-top
2025-03-30 14:21:48,097 - ecommerce_crawler - INFO - Found product URL: https://www.virgio.com/products/modern-muse-purple-lace-detail-midi-dress
2025-03-30 14:21:48,097 - ecommerce_crawler - INFO - Found product URL: https://www.virgio.com/products/modern-muse-lace-drop-shoulder-shirt
2025-03-30 14:21:48,097 - ecommerce_crawler - INFO - Found product URL: https://www.virgio.com/products/modern-muse-black-crochet-crop-top
2025-03-30 14:21:48,097 - ecommerce_crawler - INFO - Found product URL: https://www.virgio.com/products/modern-muse-tie-up-top-with-cami-inside
2025-03-30 14:21:48,098 - ecommerce_crawler - INFO - Found product URL: https://www.virgio.com/products/modern-muse-embroidered-top-with-ruffles
2025-03-30 14:21:48,099 - ecommerce_crawler - INFO - Found product URL: https://www.virgio.com/products/modern-muse-drop-shoulder-lace-shirt
2025-03-30 14:21:48,099 - ecommerce_crawler - INFO - Found product URL: https://www.virgio.com/products/modern-muse-white-mini-crocket-skirt
2025-03-30 14:21:48,099 - ecommerce_crawler - INFO - Found product URL: https://www.virgio.com/products/modern-muse-tuck-and-lace-detailed-top
2025-03-30 14:22:05,175 - ecommerce_crawler - INFO - Found product URL: https://www.virgio.com/products/modern-muse-black-mini-crocket-skirt
2025-03-30 14:22:05,175 - ecommerce_crawler - INFO - Found product URL: https://www.virgio.com/products/modern-muse-blue-crochet-crop-top
2025-03-30 14:22:05,175 - ecommerce_crawler - INFO - Found product URL: https://www.virgio.com/products/modern-muse-embroidered-lace-tie-top
2025-03-30 14:22:05,175 - ecommerce_crawler - INFO - Found product URL: https://www.virgio.com/products/modern-muse-lace-detail-pull-up-pants
2025-03-30 14:22:05,175 - ecommerce_crawler - INFO - Found product URL: https://www.virgio.com/products/modern-muse-embroidered-ruffled-top
2025-03-30 14:22:05,175 - ecommerce_crawler - INFO - Found product URL: https://www.virgio.com/products/modern-muse-pink-lace-detail-midi-dress
2025-03-30 14:22:05,175 - ecommerce_crawler - INFO - Found product URL: https://www.virgio.com/products/modern-muse-crochet-lace-gathered-skirt
2025-03-30 14:22:05,175 - ecommerce_crawler - INFO - Found product URL: https://www.virgio.com/products/gothic-boheme-hit2-white-contrast-embroidery-dress
2025-03-30 14:22:05,191 - ecommerce_crawler - INFO - Found product URL: https://www.virgio.com/products/gothic-boheme-hit2-maroon-contrast-embroidery-dress
2025-03-30 14:22:05,191 - ecommerce_crawler - INFO - Found product URL: https://www.virgio.com/products/gothic-boheme-hit2-shoulder-tie-up-lace-dress
2025-03-30 14:22:05,191 - ecommerce_crawler - INFO - Found product URL: https://www.virgio.com/products/artisans-aura-jaipur-hand-block-print-full-sleeves-smocked-top
2025-03-30 14:22:05,191 - ecommerce_crawler - INFO - Found product URL: https://www.virgio.com/products/temple-flower-front-tie-up-pintuck-dress
2025-03-30 14:22:05,191 - ecommerce_crawler - INFO - Found product URL: https://www.virgio.com/products/artisans-aura-jaipur-hand-block-print-slip-dress
2025-03-30 14:22:05,191 - ecommerce_crawler - INFO - Found product URL: https://www.virgio.com/products/artisans-aura-jaipur-hand-block-print-front-placket-dress
2025-03-30 14:22:05,191 - ecommerce_crawler - INFO - Found product URL: https://www.virgio.com/products/artisans-aura-handcrafted-royal-jaipur-block-print-dress
2025-03-30 14:22:05,191 - ecommerce_crawler - INFO - Found product URL: https://www.virgio.com/products/artisans-aura-jaipur-hand-block-print-flutter-sleeve-top
2025-03-30 14:22:05,191 - ecommerce_crawler - INFO - Found product URL: https://www.virgio.com/products/artisans-aura-jaipur-hand-block-print-elasticated-waist-crop-top
2025-03-30 14:22:05,191 - ecommerce_crawler - INFO - Found product URL: https://www.virgio.com/products/artisans-aura-jaipur-hand-block-print-tie-up-neck-dress
2025-03-30 14:22:05,191 - ecommerce_crawler - INFO - Found product URL: https://www.virgio.com/products/soft-romance-red-balloon-skirt-dress
2025-03-30 14:22:05,191 - ecommerce_crawler - INFO - Found product URL: https://www.virgio.com/products/autumn-pop-pink-strappy-midi-dress
2025-03-30 14:22:05,191 - ecommerce_crawler - INFO - Found product URL: https://www.virgio.com/products/retro-back-cutout-mini-dress
2025-03-30 14:22:05,191 - ecommerce_crawler - INFO - Found product URL: https://www.virgio.com/products/modern-muse-white-shirt-dress-with-vest
2025-03-30 14:22:05,191 - ecommerce_crawler - INFO - Found product URL: https://www.virgio.com/products/soft-romance-ruffled-mini-dress-with-bow
2025-03-30 14:22:05,191 - ecommerce_crawler - INFO - Found product URL: https://www.virgio.com/products/modern-muse-black-shirt-dress-with-vest
2025-03-30 14:22:05,191 - ecommerce_crawler - INFO - Found product URL: https://www.virgio.com/products/soft-romance-halter-neck-tiered-dress
2025-03-30 14:22:05,191 - ecommerce_crawler - INFO - Found product URL: https://www.virgio.com/products/autumn-pop-blue-strappy-midi-dress
2025-03-30 14:22:05,191 - ecommerce_crawler - INFO - Found product URL: https://www.virgio.com/products/ric-rac-lace-maxi-dress-with-lace-straps
2025-03-30 14:22:05,191 - ecommerce_crawler - INFO - Found product URL: https://www.virgio.com/products/rose-revival-viscose-strappy-midi-dress
2025-03-30 14:22:18,551 - ecommerce_crawler - INFO - Found product URL: https://www.virgio.com/products/rose-revival-cotton-floral-maxi-dress
2025-03-30 14:22:18,551 - ecommerce_crawler - INFO - Found product URL: https://www.virgio.com/products/rose-revival-recycled-poly-printed-dress
2025-03-30 14:22:18,551 - ecommerce_crawler - INFO - Found product URL: https://www.virgio.com/products/whispering-clouds-red-dolman-sleeve-shirt-dress
2025-03-30 14:22:18,560 - ecommerce_crawler - INFO - Found product URL: https://www.virgio.com/products/academic-edge-hit1-cropped-hoodie-shorts-co-ord
2025-03-30 14:22:18,560 - ecommerce_crawler - INFO - Found product URL: https://www.virgio.com/products/perfect-match-cotton-drill-co-ord
2025-03-30 14:22:18,560 - ecommerce_crawler - INFO - Found product URL: https://www.virgio.com/products/academic-edge-hit1-hoodie-shorts-co-ord-set
2025-03-30 14:22:18,560 - ecommerce_crawler - INFO - Found product URL: https://www.virgio.com/products/perfect-match-drill-cotton-co-ord
2025-03-30 14:22:18,560 - ecommerce_crawler - INFO - Found product URL: https://www.virgio.com/products/perfect-match-vibrant-cotton-co-ord
2025-03-30 14:22:18,560 - ecommerce_crawler - INFO - Found product URL: https://www.virgio.com/products/tranquil-checks-cotton-gingham-co-ord-set
2025-03-30 14:22:18,560 - ecommerce_crawler - INFO - Found product URL: https://www.virgio.com/products/tranquil-checks-cotton-check-co-ord-set
2025-03-30 14:22:18,560 - ecommerce_crawler - INFO - Found product URL: https://www.virgio.com/products/perfect-match-breezy-cotton-bandeau
2025-03-30 14:22:18,560 - ecommerce_crawler - INFO - Found product URL: https://www.virgio.com/products/ric-rac-lace-red-tunic-pants-co-ord
2025-03-30 14:22:18,560 - ecommerce_crawler - INFO - Found product URL: https://www.virgio.com/products/posh-in-polka-polka-co-ord-set
2025-03-30 14:22:18,560 - ecommerce_crawler - INFO - Found product URL: https://www.virgio.com/products/ric-rac-lace-ric-rac-lace-black-co-ords
2025-03-30 14:22:18,560 - ecommerce_crawler - INFO - Found product URL: https://www.virgio.com/products/9to9-cotton-co-ords-set
2025-03-30 14:22:18,560 - ecommerce_crawler - INFO - Found product URL: https://www.virgio.com/products/ric-rac-lace-black-ric-rac-lace-co-ords
2025-03-30 14:22:18,560 - ecommerce_crawler - INFO - Found product URL: https://www.virgio.com/products/ric-rac-lace-top-skirt-black-co-ords
2025-03-30 14:22:18,560 - ecommerce_crawler - INFO - Found product URL: https://www.virgio.com/products/ric-rac-lace-black-tunic-pants-co-ord
2025-03-30 14:22:18,560 - ecommerce_crawler - INFO - Found product URL: https://www.virgio.com/products/perfect-match-dreamy-top-skirt-co-ord
2025-03-30 14:22:18,565 - ecommerce_crawler - INFO - Found product URL: https://www.virgio.com/products/perfect-match-zesty-cotton-mini-shorts
2025-03-30 14:22:18,565 - ecommerce_crawler - INFO - Found product URL: https://www.virgio.com/products/utility-chic-chic-cotton-co-ord-set
2025-03-30 14:22:18,565 - ecommerce_crawler - INFO - Found product URL: https://www.virgio.com/products/poppy-poplin-classy-cotton-co-ord-set
2025-03-30 14:22:18,565 - ecommerce_crawler - INFO - Found product URL: https://www.virgio.com/products/perfect-match-ethereal-floral-co-ord
2025-03-30 14:22:18,565 - ecommerce_crawler - INFO - Found product URL: https://www.virgio.com/products/alicia-glam-cotton-striped-co-ords
2025-03-30 14:22:18,565 - ecommerce_crawler - INFO - Found product URL: https://www.virgio.com/products/nubohem-sultry-cotton-tube-top-with-trousers
2025-03-30 14:22:18,565 - ecommerce_crawler - INFO - Found product URL: https://www.virgio.com/products/ric-rac-lace-blue-tiered-maxi-skirt
2025-03-30 14:22:18,565 - ecommerce_crawler - INFO - Found product URL: https://www.virgio.com/products/ric-rac-lace-ric-rac-lace-tiered-skirt
2025-03-30 14:22:18,565 - ecommerce_crawler - INFO - Found product URL: https://www.virgio.com/products/tailored-elegance-navy-blue-mini-pleated-skirt
2025-03-30 14:22:18,565 - ecommerce_crawler - INFO - Found product URL: https://www.virgio.com/products/work-wear-china-beige-jail-stripe-trousers
2025-03-30 14:22:18,565 - ecommerce_crawler - INFO - Found product URL: https://www.virgio.com/products/tailored-elegance-checked-mini-pleated-skirt
2025-03-30 14:22:18,565 - ecommerce_crawler - INFO - Found product URL: https://www.virgio.com/products/ric-rac-lace-black-ric-rac-lace-skort
2025-03-30 14:22:18,565 - ecommerce_crawler - INFO - Found product URL: https://www.virgio.com/products/ric-rac-lace-red-lace-detail-flared-pants
2025-03-30 14:22:18,565 - ecommerce_crawler - INFO - Found product URL: https://www.virgio.com/products/posh-in-polka-vertical-ruffle-polka-skirt
2025-03-30 14:22:18,565 - ecommerce_crawler - INFO - Found product URL: https://www.virgio.com/products/work-wear-china-beige-jail-stripe-shorts
2025-03-30 14:22:18,565 - ecommerce_crawler - INFO - Found product URL: https://www.virgio.com/products/denim-daze-hit3-blue-high-waist-jeans
2025-03-30 14:22:39,086 - ecommerce_crawler - INFO - Found product URL: https://www.virgio.com/products/ric-rac-lace-lace-detail-gathered-skirt
2025-03-30 14:22:39,086 - ecommerce_crawler - INFO - Found product URL: https://www.virgio.com/products/ric-rac-lace-lace-detail-flared-pants
2025-03-30 14:22:39,086 - ecommerce_crawler - INFO - Found product URL: https://www.virgio.com/products/ric-rac-lace-lace-detail-flared-skirt
2025-03-30 14:22:39,086 - ecommerce_crawler - INFO - Found product URL: https://www.virgio.com/products/denim-mix-cotton-panelled-trousers
2025-03-30 14:22:39,086 - ecommerce_crawler - INFO - Found product URL: https://www.virgio.com/products/denim-daze-hit3-light-blue-wrap-mini-skirt
2025-03-30 14:22:39,086 - ecommerce_crawler - INFO - Found product URL: https://www.virgio.com/products/denim-daze-hit3-blue-wide-leg-denim
2025-03-30 14:22:39,086 - ecommerce_crawler - INFO - Found product URL: https://www.virgio.com/products/denim-mix-cotton-denim-fusion-midi-skirt
2025-03-30 14:22:39,086 - ecommerce_crawler - INFO - Found product URL: https://www.virgio.com/products/denim-daze-hit3-dark-blue-high-waist-jeans
2025-03-30 14:22:39,086 - ecommerce_crawler - INFO - Found product URL: https://www.virgio.com/products/denim-daze-hit3-grey-wide-leg-denim
2025-03-30 14:22:39,086 - ecommerce_crawler - INFO - Found product URL: https://www.virgio.com/products/modern-muse-black-crochet-crop-shirt
2025-03-30 14:22:39,086 - ecommerce_crawler - INFO - Found product URL: https://www.virgio.com/products/retro-gingham-front-tie-shirt
2025-03-30 14:22:39,098 - ecommerce_crawler - INFO - Found product URL: https://www.virgio.com/products/pantone-short-sleeve-buttoned-shirt
2025-03-30 14:22:39,098 - ecommerce_crawler - INFO - Found product URL: https://www.virgio.com/products/whispering-clouds-oversized-embroidered-shirt
2025-03-30 14:22:39,098 - ecommerce_crawler - INFO - Found product URL: https://www.virgio.com/products/ric-rac-lace-lace-trim-scallop-cuff-shirt
2025-03-30 14:22:39,099 - ecommerce_crawler - INFO - Found product URL: https://www.virgio.com/products/vintage-vogue-teal-pin-tucks-detail-blouse
2025-03-30 14:22:39,099 - ecommerce_crawler - INFO - Found product URL: https://www.virgio.com/products/vintage-vogue-white-pin-tucks-detail-blouse
2025-03-30 14:22:39,099 - ecommerce_crawler - INFO - Found product URL: https://www.virgio.com/products/vintage-vogue-long-puff-sleeved-shirt
2025-03-30 14:22:39,099 - ecommerce_crawler - INFO - Found product URL: https://www.virgio.com/products/vintage-vogue-white-ruffled-collar-shirt
2025-03-30 14:22:39,100 - ecommerce_crawler - INFO - Found product URL: https://www.virgio.com/products/vintage-vogue-long-sleeve-shirt-bralette
2025-03-30 14:22:39,100 - ecommerce_crawler - INFO - Found product URL: https://www.virgio.com/products/pantone-ditsy-print-pleated-shirt
2025-03-30 14:22:39,100 - ecommerce_crawler - INFO - Found product URL: https://www.virgio.com/products/modern-muse-white-crochet-crop-shirt
2025-03-30 14:22:39,100 - ecommerce_crawler - INFO - Found product URL: https://www.virgio.com/products/ric-rac-lace-full-sleeve-lace-trim-shirt
2025-03-30 14:22:39,100 - ecommerce_crawler - INFO - Found product URL: https://www.virgio.com/products/utility-chic-jacket-front-open-cropped-jacket
2025-03-30 14:22:39,101 - ecommerce_crawler - INFO - Found product URL: https://www.virgio.com/products/date-classy-lycra-satin-red-bodycon-dress
2025-03-30 14:22:39,101 - ecommerce_crawler - INFO - Found product URL: https://www.virgio.com/products/date-sizzling-black-dress-with-halter-neck-tie-up
2025-03-30 14:22:39,101 - ecommerce_crawler - INFO - Found product URL: https://www.virgio.com/products/date-classy-black-slip-dress-with-asymmetric-neckline
2025-03-30 14:22:39,102 - ecommerce_crawler - INFO - Found product URL: https://www.virgio.com/products/date-sleek-black-dress-with-contrast-ruffles
2025-03-30 14:22:39,102 - ecommerce_crawler - INFO - Found product URL: https://www.virgio.com/products/date-classy-red-dress-with-contrast-ruffles
2025-03-30 14:22:39,102 - ecommerce_crawler - INFO - Found product URL: https://www.virgio.com/products/date-glam-lycra-satin-black-bodycon-dress
2025-03-30 14:22:39,102 - ecommerce_crawler - INFO - Found product URL: https://www.virgio.com/products/date-sizzling-red-dress-with-halter-neck-tie-up
2025-03-30 14:22:39,103 - ecommerce_crawler - INFO - Found product URL: https://www.virgio.com/products/poppy-poplin-classy-cotton-mini-dress
2025-03-30 14:22:39,103 - ecommerce_crawler - INFO - Found product URL: https://www.virgio.com/products/date-chic-corset-dress-with-flutter-sleeve
2025-03-30 14:22:39,103 - ecommerce_crawler - INFO - Found product URL: https://www.virgio.com/products/date-glam-white-slip-dress-with-asymmetric-neckline
2025-03-30 14:22:39,104 - ecommerce_crawler - INFO - Found product URL: https://www.virgio.com/products/date-chic-black-pencil-skirt
2025-03-30 14:22:39,104 - ecommerce_crawler - INFO - Found product URL: https://www.virgio.com/products/date-cute-lycra-satin-white-sleeveless-dress
2025-03-30 14:22:39,104 - ecommerce_crawler - INFO - Found product URL: https://www.virgio.com/products/date-glam-corset-dress-with-flutter-sleeve
2025-03-30 14:22:39,105 - ecommerce_crawler - INFO - Found product URL: https://www.virgio.com/products/date-chic-lycra-satin-black-corset-detail-dress
2025-03-30 14:22:39,105 - ecommerce_crawler - INFO - Found product URL: https://www.virgio.com/products/date-chic-red-lycra-satin-skirt
2025-03-30 14:22:39,106 - ecommerce_crawler - INFO - Found product URL: https://www.virgio.com/products/date-sleek-red-pencil-skirt
2025-03-30 14:22:39,106 - ecommerce_crawler - INFO - Found product URL: https://www.virgio.com/products/date-bianca-sleek-black-co-ords
2025-03-30 14:22:57,978 - ecommerce_crawler - INFO - Found product URL: https://www.virgio.com/products/date-chic-lycra-satin-red-corset-detail-dress
2025-03-30 14:22:57,978 - ecommerce_crawler - INFO - Found product URL: https://www.virgio.com/products/date-chic-lycra-satin-red-v-neck-dress
2025-03-30 14:22:57,978 - ecommerce_crawler - INFO - Found product URL: https://www.virgio.com/products/date-timeless-lycra-satin-white-halter-neck-dress
2025-03-30 14:22:57,978 - ecommerce_crawler - INFO - Found product URL: https://www.virgio.com/products/date-timeless-lycra-satin-black-halter-neck-dress
2025-03-30 14:22:57,978 - ecommerce_crawler - INFO - Found product URL: https://www.virgio.com/products/date-casual-lycra-satin-white-shirt
2025-03-30 14:22:57,978 - ecommerce_crawler - INFO - Found product URL: https://www.virgio.com/products/denim-daze-hit3-black-high-waist-jeans
2025-03-30 14:22:57,994 - ecommerce_crawler - INFO - Found product URL: https://www.virgio.com/products/9to9-cotton-flared-pants
2025-03-30 14:22:57,994 - ecommerce_crawler - INFO - Found product URL: https://www.virgio.com/products/9to9-cotton-wide-high-pants
2025-03-30 14:22:57,994 - ecommerce_crawler - INFO - Found product URL: https://www.virgio.com/products/sun-kissed-floral-bodycon-dress
2025-03-30 14:22:57,994 - ecommerce_crawler - INFO - Found product URL: https://www.virgio.com/products/cinch-n-vibe-geo-print-dress-with-pockets
2025-03-30 14:22:57,995 - ecommerce_crawler - INFO - Found product URL: https://www.virgio.com/products/sweetheart-blue-belle-dress
2025-03-30 14:22:57,995 - ecommerce_crawler - INFO - Found product URL: https://www.virgio.com/products/mustard-muse-crossed-strap-elegance
2025-03-30 14:22:57,995 - ecommerce_crawler - INFO - Found product URL: https://www.virgio.com/products/dramatic-floral-twist-with-pockets
2025-03-30 14:22:57,996 - ecommerce_crawler - INFO - Found product URL: https://www.virgio.com/products/red-v-neck-elegance-with-pockets
2025-03-30 14:22:57,996 - ecommerce_crawler - INFO - Found product URL: https://www.virgio.com/products/floral-flare-collar-mini-dress
2025-03-30 14:22:57,996 - ecommerce_crawler - INFO - Found product URL: https://www.virgio.com/products/moonlit-ruffles-pleated-puff-dress-with-pockets
2025-03-30 14:22:57,996 - ecommerce_crawler - INFO - Found product URL: https://www.virgio.com/products/viscose-petal-pusher-midi-dress-with-pockets
2025-03-30 14:22:57,997 - ecommerce_crawler - INFO - Found product URL: https://www.virgio.com/products/tropical-oasis-wrap-dress
2025-03-30 14:22:57,997 - ecommerce_crawler - INFO - Found product URL: https://www.virgio.com/products/frill-flare-midi-dress-with-pockets
2025-03-30 14:22:57,997 - ecommerce_crawler - INFO - Found product URL: https://www.virgio.com/products/midnight-bloom-overlap-dress
2025-03-30 14:22:57,998 - ecommerce_crawler - INFO - Found product URL: https://www.virgio.com/products/cherry-charm-overlap-v-dress-with-pockets
2025-03-30 14:22:57,998 - ecommerce_crawler - INFO - Found product URL: https://www.virgio.com/products/taupe-temptation-front-draped-dress
2025-03-30 14:22:57,998 - ecommerce_crawler - INFO - Found product URL: https://www.virgio.com/products/gingham-glamour-mini-dress-with-pockets
2025-03-30 14:22:57,998 - ecommerce_crawler - INFO - Found product URL: https://www.virgio.com/products/chic-block-print-shirt-dress-with-pockets
2025-03-30 14:22:57,998 - ecommerce_crawler - INFO - Found product URL: https://www.virgio.com/products/black-floral-frill-dress-with-pockets
2025-03-30 14:22:57,999 - ecommerce_crawler - INFO - Found product URL: https://www.virgio.com/products/sleek-black-draped-shirt-dress
2025-03-30 14:22:57,999 - ecommerce_crawler - INFO - Found product URL: https://www.virgio.com/products/red-rose-criss-cross-chic-dress
2025-03-30 14:22:57,999 - ecommerce_crawler - INFO - Found product URL: https://www.virgio.com/products/multicolored-meadow-smocked-floral-dress
2025-03-30 14:22:58,000 - ecommerce_crawler - INFO - Found product URL: https://www.virgio.com/products/chic-polka-dot-serenade-maxi-dress
2025-03-30 14:22:58,000 - ecommerce_crawler - INFO - Found product URL: https://www.virgio.com/products/multihued-back-detail-mini-dress
2025-03-30 14:22:58,000 - ecommerce_crawler - INFO - Found product URL: https://www.virgio.com/products/schiffly-kaleidoscope-chic-dress
2025-03-30 14:23:13,030 - ecommerce_crawler - INFO - Found product URL: https://www.virgio.com/products/rose-revival-viscose-linen-shorts
2025-03-30 14:23:13,032 - ecommerce_crawler - INFO - Found product URL: https://www.virgio.com/products/utility-chic-comfy-cotton-cargo-bermudas
2025-03-30 14:23:13,032 - ecommerce_crawler - INFO - Found product URL: https://www.virgio.com/products/rose-revival-recycled-poly-mini-shorts
2025-03-30 14:23:13,033 - ecommerce_crawler - INFO - Found product URL: https://www.virgio.com/products/rose-revival-recycled-poly-printed-shorts
2025-03-30 14:23:13,034 - ecommerce_crawler - INFO - Found product URL: https://www.virgio.com/products/rose-revival-viscose-floral-shorts
2025-03-30 14:23:13,034 - ecommerce_crawler - INFO - Found product URL: https://www.virgio.com/products/rose-revival-viscose-linen-blue-shorts
2025-03-30 14:23:13,034 - ecommerce_crawler - INFO - Found product URL: https://www.virgio.com/products/retro-cotton-mini-wrap-skort
2025-03-30 14:23:13,034 - ecommerce_crawler - INFO - Found product URL: https://www.virgio.com/products/poppy-poplin-cotton-floral-mini-shorts
2025-03-30 14:23:13,035 - ecommerce_crawler - INFO - Found product URL: https://www.virgio.com/products/tranquil-checks-cotton-gingham-mini-short
2025-03-30 14:23:13,035 - ecommerce_crawler - INFO - Found product URL: https://www.virgio.com/products/poppy-poplin-airy-cotton-mini-shorts
2025-03-30 14:23:13,035 - ecommerce_crawler - INFO - Found product URL: https://www.virgio.com/products/9to9-rescued-poly-black-shorts
2025-03-30 14:23:13,035 - ecommerce_crawler - INFO - Found product URL: https://www.virgio.com/products/9to9-rescued-poly-grey-skorts
2025-03-30 14:23:13,035 - ecommerce_crawler - INFO - Found product URL: https://www.virgio.com/products/9to9-rescued-poly-grey-shorts
2025-03-30 14:23:13,035 - ecommerce_crawler - INFO - Found product URL: https://www.virgio.com/products/9to9-rescued-poly-brown-shorts
2025-03-30 14:23:13,036 - ecommerce_crawler - INFO - Found product URL: https://www.virgio.com/products/denim-daze-hit2-denim-skorts-with-slit
2025-03-30 14:23:13,036 - ecommerce_crawler - INFO - Found product URL: https://www.virgio.com/products/nubohem-comfy-cotton-regular-mini-shorts
2025-03-30 14:23:13,036 - ecommerce_crawler - INFO - Found product URL: https://www.virgio.com/products/vintage-vogue-teal-printed-bralette
2025-03-30 14:23:13,036 - ecommerce_crawler - INFO - Found product URL: https://www.virgio.com/products/rose-revival-viscose-front-knotted-top
2025-03-30 14:23:13,037 - ecommerce_crawler - INFO - Found product URL: https://www.virgio.com/products/rose-revival-cotton-floral-crop-top
2025-03-30 14:23:13,037 - ecommerce_crawler - INFO - Found product URL: https://www.virgio.com/products/rose-revival-recycled-poly-corset-top
2025-03-30 14:23:13,037 - ecommerce_crawler - INFO - Found product URL: https://www.virgio.com/products/rose-revival-recycled-poly-v-neck-top
2025-03-30 14:23:13,037 - ecommerce_crawler - INFO - Found product URL: https://www.virgio.com/products/rose-revival-recycled-poly-floral-top
2025-03-30 14:23:13,037 - ecommerce_crawler - INFO - Found product URL: https://www.virgio.com/products/rose-revival-viscose-gathered-top
2025-03-30 14:23:13,038 - ecommerce_crawler - INFO - Found product URL: https://www.virgio.com/products/youth-linen-cotton-puff-sleeve-top
2025-03-30 14:23:13,038 - ecommerce_crawler - INFO - Found product URL: https://www.virgio.com/products/soft-romance-black-bow-knot-tie-up-top
2025-03-30 14:23:13,038 - ecommerce_crawler - INFO - Found product URL: https://www.virgio.com/products/soft-romance-ribbed-lace-trim-t-shirt
2025-03-30 14:23:13,038 - ecommerce_crawler - INFO - Found product URL: https://www.virgio.com/products/soft-romance-cupid-graphic-cutout-t-shirt
2025-03-30 14:23:13,038 - ecommerce_crawler - INFO - Found product URL: https://www.virgio.com/products/soft-romance-heart-printed-tank-top
2025-03-30 14:23:13,038 - ecommerce_crawler - INFO - Found product URL: https://www.virgio.com/products/soft-romance-smocked-peplum-top-with-bow
2025-03-30 14:23:13,039 - ecommerce_crawler - INFO - Found product URL: https://www.virgio.com/products/autumn-pop-abstract-floral-strappy-top
2025-03-30 14:23:13,039 - ecommerce_crawler - INFO - Found product URL: https://www.virgio.com/products/autumn-pop-floral-regular-strappy-top
2025-03-30 14:23:13,039 - ecommerce_crawler - INFO - Found product URL: https://www.virgio.com/products/pantone-peplum-top-with-tie-detail
2025-03-30 14:23:13,039 - ecommerce_crawler - INFO - Found product URL: https://www.virgio.com/products/work-wear-china-blue-square-neck-layer-top
2025-03-30 14:23:13,039 - ecommerce_crawler - INFO - Found product URL: https://www.virgio.com/products/vintage-vogue-flared-midi-skirt
2025-03-30 14:23:13,039 - ecommerce_crawler - INFO - Found product URL: https://www.virgio.com/products/vintage-vogue-skirt-with-tie-up-at-slit
2025-03-30 14:23:29,801 - ecommerce_crawler - INFO - Found product URL: https://www.virgio.com/products/rose-revival-viscose-side-slit-skirt
2025-03-30 14:23:29,803 - ecommerce_crawler - INFO - Found product URL: https://www.virgio.com/products/posh-in-polka-viscose-tiered-skirt
2025-03-30 14:23:29,804 - ecommerce_crawler - INFO - Found product URL: https://www.virgio.com/products/perfect-match-sublime-cotton-midi-skirt
2025-03-30 14:23:29,805 - ecommerce_crawler - INFO - Found product URL: https://www.virgio.com/products/denim-daze-hit3-dark-blue-wrap-mini-skirt
2025-03-30 14:23:29,806 - ecommerce_crawler - INFO - Found product URL: https://www.virgio.com/products/9to9-satin-pleated-midi-skirt
2025-03-30 14:23:29,807 - ecommerce_crawler - INFO - Found product URL: https://www.virgio.com/products/rose-revival-cotton-floral-mini-skirt
2025-03-30 14:23:29,807 - ecommerce_crawler - INFO - Found product URL: https://www.virgio.com/products/denim-daze-hit2-denim-skirt-with-raw-edges
2025-03-30 14:23:29,808 - ecommerce_crawler - INFO - Found product URL: https://www.virgio.com/products/versatile-moss-crepe-fit-flare-skirt
2025-03-30 14:23:29,808 - ecommerce_crawler - INFO - Found product URL: https://www.virgio.com/products/ss24-flirty-cotton-ruffle-mini-skirt
2025-03-30 14:23:29,809 - ecommerce_crawler - INFO - Found product URL: https://www.virgio.com/products/utility-chic-sleek-cotton-flared-skirt
2025-03-30 14:23:29,809 - ecommerce_crawler - INFO - Found product URL: https://www.virgio.com/products/ss24-versatile-ruched-front-viscose-skirt
2025-03-30 14:23:29,809 - ecommerce_crawler - INFO - Found product URL: https://www.virgio.com/products/nubohem-comfy-cotton-tiered-high-low-skirt
2025-03-30 14:23:29,811 - ecommerce_crawler - INFO - Found product URL: https://www.virgio.com/products/linenluxe-chic-a-line-skirt
2025-03-30 14:23:29,812 - ecommerce_crawler - INFO - Found product URL: https://www.virgio.com/products/brightlinen-glam-viscose-linen-skirt
2025-03-30 14:23:29,814 - ecommerce_crawler - INFO - Found product URL: https://www.virgio.com/products/posh-in-polka-cotton-polka-crop-top
2025-03-30 14:23:29,816 - ecommerce_crawler - INFO - Found product URL: https://www.virgio.com/products/elevated-essential-h1-plush-knit-fitted-top?_pos=1&_psq=Plush%20Knit%20Fitted%20Top&_ss=e&_v=1.0
2025-03-30 14:23:29,818 - ecommerce_crawler - INFO - Found product URL: https://www.virgio.com/products/versatile-lycra-satin-floral-bomber-jacket
2025-03-30 14:23:29,819 - ecommerce_crawler - INFO - Found product URL: https://www.virgio.com/products/perfect-match-cotton-drill-slit-skirt?_pos=2&_psq=%20drill%20skirt&_ss=e&_v=1.0
2025-03-30 14:23:29,821 - ecommerce_crawler - INFO - Found product URL: https://www.virgio.com/products/nubohem-chic-cotton-boxy-shirt-with-scallop-hem?_pos=2&_psq=Broderie%20Anglais%20shirt&_ss=e&_v=1.0
2025-03-30 14:23:29,823 - ecommerce_crawler - INFO - Found product URL: https://www.virgio.com/products/work-wear-china-waist-gathered-midi-dress
2025-03-30 14:23:29,826 - ecommerce_crawler - INFO - Found product URL: https://www.virgio.com/products/youth-linen-cotton-lace-floral-dress
2025-03-30 14:23:29,832 - ecommerce_crawler - INFO - Found product URL: https://www.virgio.com/products/day-dress-hit2-viscose-floral-print-dress
2025-03-30 14:23:29,834 - ecommerce_crawler - INFO - Found product URL: https://www.virgio.com/products/youth-linen-cotton-scallop-midi-dress
2025-03-30 14:23:29,835 - ecommerce_crawler - INFO - Found product URL: https://www.virgio.com/products/youth-linen-linen-printed-midi-dress
2025-03-30 14:23:29,836 - ecommerce_crawler - INFO - Found product URL: https://www.virgio.com/products/rose-revival-recycled-poly-floral-dress
2025-03-30 14:23:29,837 - ecommerce_crawler - INFO - Found product URL: https://www.virgio.com/products/tailored-elegance-maxi-dress-with-back-cutout
2025-03-30 14:23:29,837 - ecommerce_crawler - INFO - Found product URL: https://www.virgio.com/products/9to9-cotton-smocking-top
2025-03-30 14:23:29,838 - ecommerce_crawler - INFO - Found product URL: https://www.virgio.com/products/tailored-elegance-black-puff-sleeve-mini-dress
2025-03-30 14:23:29,838 - ecommerce_crawler - INFO - Found product URL: https://www.virgio.com/products/rose-revival-viscose-strappy-dress
2025-03-30 14:23:29,839 - ecommerce_crawler - INFO - Found product URL: https://www.virgio.com/products/tailored-elegance-off-shoulder-striped-dress
2025-03-30 14:23:29,839 - ecommerce_crawler - INFO - Found product URL: https://www.virgio.com/products/9to9-rescued-poly-grey-vest
2025-03-30 14:23:29,840 - ecommerce_crawler - INFO - Found product URL: https://www.virgio.com/products/9to9-rescued-poly-draped-dress
2025-03-30 14:28:45,449 - ecommerce_crawler - INFO - Starting crawl for domain: https://www.virgio.com/
2025-03-30 14:28:47,220 - ecommerce_crawler - INFO - Found product URL: https://www.virgio.com/products/veronicas-chic-cotton-co-ords
2025-03-30 14:28:47,220 - ecommerce_crawler - INFO - Found product URL: https://www.virgio.com/products/date-chic-red-solid-co-ords
2025-03-30 14:28:47,221 - ecommerce_crawler - INFO - Found product URL: https://www.virgio.com/products/date-breezy-black-relaxed-trousers
2025-03-30 14:28:47,221 - ecommerce_crawler - INFO - Found product URL: https://www.virgio.com/products/date-comfy-beige-relaxed-trousers
2025-03-30 14:28:47,221 - ecommerce_crawler - INFO - Found product URL: https://www.virgio.com/products/veronicas-retro-cotton-pleated-skirt
2025-03-30 14:28:47,221 - ecommerce_crawler - INFO - Found product URL: https://www.virgio.com/products/veronicas-playful-cotton-checked-skirt
2025-03-30 14:28:55,877 - ecommerce_crawler - WARNING - Failed to fetch https://www.virgio.com/collections/bottomwear-date: HTTP 404
2025-03-30 14:28:58,826 - ecommerce_crawler - INFO - Found product URL: https://www.virgio.com/products/reworked-shirt-pleated-detail-striped-shirt
2025-03-30 14:28:58,826 - ecommerce_crawler - INFO - Found product URL: https://www.virgio.com/products/reworked-shirt-high-low-mandarin-collar-top
2025-03-30 14:28:58,826 - ecommerce_crawler - INFO - Found product URL: https://www.virgio.com/products/reworked-shirt-striped-high-low-layer-top
2025-03-30 14:28:58,826 - ecommerce_crawler - INFO - Found product URL: https://www.virgio.com/products/lease-line-hit2-olive-front-open-twill-dress
2025-03-30 14:28:58,826 - ecommerce_crawler - INFO - Found product URL: https://www.virgio.com/products/lease-line-hit2-front-tie-up-printed-dress
2025-03-30 14:28:58,826 - ecommerce_crawler - INFO - Found product URL: https://www.virgio.com/products/lease-line-hit2-tiered-waist-gathered-dress
2025-03-30 14:28:58,826 - ecommerce_crawler - INFO - Found product URL: https://www.virgio.com/products/summer-stripes-fitted-waist-shirt-dress
2025-03-30 14:28:58,826 - ecommerce_crawler - INFO - Found product URL: https://www.virgio.com/products/temple-flower-temple-flower-printed-shirt
2025-03-30 14:28:58,826 - ecommerce_crawler - INFO - Found product URL: https://www.virgio.com/products/temple-flower-linen-striped-pleated-skirt
2025-03-30 14:28:58,826 - ecommerce_crawler - INFO - Found product URL: https://www.virgio.com/products/temple-flower-eco-printed-tie-up-waistcoat
2025-03-30 14:28:58,826 - ecommerce_crawler - INFO - Found product URL: https://www.virgio.com/products/temple-flower-eco-printed-asymmetric-waistcoat
2025-03-30 14:28:58,826 - ecommerce_crawler - INFO - Found product URL: https://www.virgio.com/products/temple-flower-striped-wide-leg-linen-pants
2025-03-30 14:28:58,826 - ecommerce_crawler - INFO - Found product URL: https://www.virgio.com/products/temple-flower-eco-printed-slit-sleeve-top
2025-03-30 14:28:58,826 - ecommerce_crawler - INFO - Found product URL: https://www.virgio.com/products/temple-flower-striped-asymmetrical-wrap-top
2025-03-30 14:28:58,826 - ecommerce_crawler - INFO - Found product URL: https://www.virgio.com/products/summer-stripes-striped-tiered-midi-skirt
2025-03-30 14:28:58,826 - ecommerce_crawler - INFO - Found product URL: https://www.virgio.com/products/summer-stripes-buttoned-pointed-hem-vest
2025-03-30 14:28:58,826 - ecommerce_crawler - INFO - Found product URL: https://www.virgio.com/products/summer-stripes-asymmetric-wrap-wide-legs
2025-03-30 14:28:58,826 - ecommerce_crawler - INFO - Found product URL: https://www.virgio.com/products/summer-stripes-button-front-flared-dress
2025-03-30 14:28:58,826 - ecommerce_crawler - INFO - Found product URL: https://www.virgio.com/products/summer-stripes-ruched-striped-midi-dress
2025-03-30 14:28:58,826 - ecommerce_crawler - INFO - Found product URL: https://www.virgio.com/products/summer-stripes-striped-buttoned-v-neck-vest
2025-03-30 14:28:58,826 - ecommerce_crawler - INFO - Found product URL: https://www.virgio.com/products/soft-romance-peter-pan-collar-boxy-shirt
2025-03-30 14:28:58,826 - ecommerce_crawler - INFO - Found product URL: https://www.virgio.com/products/gothic-boheme-hit2-shoulder-tie-up-dress-with-lace
2025-03-30 14:28:58,826 - ecommerce_crawler - INFO - Found product URL: https://www.virgio.com/products/gothic-boheme-hit2-black-embroidered-vest
2025-03-30 14:28:58,826 - ecommerce_crawler - INFO - Found product URL: https://www.virgio.com/products/gothic-boheme-hit2-white-ruffle-midi-skirt
2025-03-30 14:28:58,826 - ecommerce_crawler - INFO - Found product URL: https://www.virgio.com/products/chic-serenade1-denim-banded-midi-dress
2025-03-30 14:28:58,826 - ecommerce_crawler - INFO - Found product URL: https://www.virgio.com/products/smocking-poplin-empire-flare-cotton-dress
2025-03-30 14:28:58,826 - ecommerce_crawler - INFO - Found product URL: https://www.virgio.com/products/chic-serenade1-denim-flared-midi-dress
2025-03-30 14:28:58,826 - ecommerce_crawler - INFO - Found product URL: https://www.virgio.com/products/whispering-clouds-dolman-sleeve-shirt-dress
2025-03-30 14:28:58,826 - ecommerce_crawler - INFO - Found product URL: https://www.virgio.com/products/chic-serenade1-denim-banded-flared-dress
2025-03-30 14:28:58,826 - ecommerce_crawler - INFO - Found product URL: https://www.virgio.com/products/denimdaze-hit3strappy-fit-and-flare-dress
2025-03-30 14:28:58,826 - ecommerce_crawler - INFO - Found product URL: https://www.virgio.com/products/whispering-clouds-blue-strappy-mini-dress
2025-03-30 14:28:58,826 - ecommerce_crawler - INFO - Found product URL: https://www.virgio.com/products/ric-rac-lace-floral-tie-strap-mini-dress
2025-03-30 14:28:58,839 - ecommerce_crawler - INFO - Found product URL: https://www.virgio.com/products/denim-daze-hit3-strappy-smocking-denim-dress
2025-03-30 14:28:58,839 - ecommerce_crawler - INFO - Found product URL: https://www.virgio.com/products/denim-daze-hit3-blue-denim-smocking-dress
2025-03-30 14:28:58,839 - ecommerce_crawler - INFO - Found product URL: https://www.virgio.com/products/retro-cotton-mini-jumpsuit
2025-03-30 14:28:58,839 - ecommerce_crawler - INFO - Found product URL: https://www.virgio.com/products/ss24-airy-cotton-fit-and-flare-dress-with-elasticated-waist
2025-03-30 14:28:58,839 - ecommerce_crawler - INFO - Found product URL: https://www.virgio.com/products/poppy-poplin-stylish-cotton-midi-dress
2025-03-30 14:28:58,839 - ecommerce_crawler - INFO - Found product URL: https://www.virgio.com/products/reworked-shirt-gorgeous-lycra-midi-dress
2025-03-30 14:28:58,839 - ecommerce_crawler - INFO - Found product URL: https://www.virgio.com/products/smocking-poplin-regal-flare-cotton-dress
2025-03-30 14:28:58,840 - ecommerce_crawler - INFO - Found product URL: https://www.virgio.com/products/smocking-poplin-cosmic-flare-cottton-dress
2025-03-30 14:28:58,840 - ecommerce_crawler - INFO - Found product URL: https://www.virgio.com/products/rose-revival-cotton-tiered-flared-dress
2025-03-30 14:28:58,840 - ecommerce_crawler - INFO - Found product URL: https://www.virgio.com/products/brightlinen-viscose-linen-mini-dress
2025-03-30 14:28:58,840 - ecommerce_crawler - INFO - Found product URL: https://www.virgio.com/products/smocking-hot-hit3-elasticated-waist-midi-dress
2025-03-30 14:28:58,841 - ecommerce_crawler - INFO - Found product URL: https://www.virgio.com/products/roselle-waist-detail-midi-dress
2025-03-30 14:29:18,987 - ecommerce_crawler - INFO - Found product URL: https://www.virgio.com/products/sootelle-waist-detail-midi-dress
2025-03-30 14:29:18,988 - ecommerce_crawler - INFO - Found product URL: https://www.virgio.com/products/modern-muse-pink-shirt-dress-with-vest
2025-03-30 14:29:18,989 - ecommerce_crawler - INFO - Found product URL: https://www.virgio.com/products/rose-revival-cotton-floral-co-ord-set
2025-03-30 14:29:18,990 - ecommerce_crawler - INFO - Found product URL: https://www.virgio.com/products/rose-revival-recycled-poly-co-ord-set
2025-03-30 14:29:18,991 - ecommerce_crawler - INFO - Found product URL: https://www.virgio.com/products/rose-revival-recycled-poly-shirt-shorts-set
2025-03-30 14:29:18,991 - ecommerce_crawler - INFO - Found product URL: https://www.virgio.com/products/youth-linen-cotton-vest-and-skirt-set
2025-03-30 14:29:18,991 - ecommerce_crawler - INFO - Found product URL: https://www.virgio.com/products/ric-rac-lace-top-skirt-white-co-ords
2025-03-30 14:29:18,992 - ecommerce_crawler - INFO - Found product URL: https://www.virgio.com/products/perfect-match-balinese-cotton-co-ord
2025-03-30 14:29:18,992 - ecommerce_crawler - INFO - Found product URL: https://www.virgio.com/products/hernes-cotton-polka-twin-set
2025-03-30 14:29:18,992 - ecommerce_crawler - INFO - Found product URL: https://www.virgio.com/products/youth-linen-cotton-floral-co-ord-set
2025-03-30 14:29:18,993 - ecommerce_crawler - INFO - Found product URL: https://www.virgio.com/products/youth-linen-cotton-printed-co-ord-set
2025-03-30 14:29:18,993 - ecommerce_crawler - INFO - Found product URL: https://www.virgio.com/products/perfect-match-ethereal-cotton-co-ord
2025-03-30 14:29:18,993 - ecommerce_crawler - INFO - Found product URL: https://www.virgio.com/products/perfect-match-sublime-poplin-co-ord
2025-03-30 14:29:18,993 - ecommerce_crawler - INFO - Found product URL: https://www.virgio.com/products/upcycle-baby-pink-ruffle-co-ord-set
2025-03-30 14:29:18,993 - ecommerce_crawler - INFO - Found product URL: https://www.virgio.com/products/rose-revival-viscose-linen-co-ord-set
2025-03-30 14:29:18,994 - ecommerce_crawler - INFO - Found product URL: https://www.virgio.com/products/youth-linen-cotton-scallop-co-ord-set
2025-03-30 14:29:18,994 - ecommerce_crawler - INFO - Found product URL: https://www.virgio.com/products/rose-revival-viscose-floral-co-ord-set
2025-03-30 14:29:18,994 - ecommerce_crawler - INFO - Found product URL: https://www.virgio.com/products/perfect-match-torrid-cotton-co-ord
2025-03-30 14:29:18,995 - ecommerce_crawler - INFO - Found product URL: https://www.virgio.com/products/rose-revival-viscose-linen-co-ords
2025-03-30 14:29:18,995 - ecommerce_crawler - INFO - Found product URL: https://www.virgio.com/products/poppy-poplin-cotton-floral-co-ord-set
2025-03-30 14:29:18,995 - ecommerce_crawler - INFO - Found product URL: https://www.virgio.com/products/perfect-match-floral-modal-co-ord
2025-03-30 14:29:18,996 - ecommerce_crawler - INFO - Found product URL: https://www.virgio.com/products/ric-rac-lace-blue-lace-detail-co-ords
2025-03-30 14:29:18,996 - ecommerce_crawler - INFO - Found product URL: https://www.virgio.com/products/smocking-hot-hit2-cotton-peplum-co-ord-set
2025-03-30 14:29:18,996 - ecommerce_crawler - INFO - Found product URL: https://www.virgio.com/products/tiffany-versatile-cotton-striped-co-ords
2025-03-30 14:29:18,996 - ecommerce_crawler - INFO - Found product URL: https://www.virgio.com/products/retro-cotton-gingham-co-ord
2025-03-30 14:29:18,996 - ecommerce_crawler - INFO - Found product URL: https://www.virgio.com/products/nubohem-comfy-cotton-crop-top-with-flared-shorts
2025-03-30 14:29:18,997 - ecommerce_crawler - INFO - Found product URL: https://www.virgio.com/products/temple-flower-pleated-temple-flower-pants
2025-03-30 14:29:18,997 - ecommerce_crawler - INFO - Found product URL: https://www.virgio.com/products/autumn-pop-abstract-floral-printed-shorts
2025-03-30 14:29:18,997 - ecommerce_crawler - INFO - Found product URL: https://www.virgio.com/products/autumn-pop-abstract-floral-printed-pants
2025-03-30 14:29:18,998 - ecommerce_crawler - INFO - Found product URL: https://www.virgio.com/products/autumn-pop-floral-printed-pants
2025-03-30 14:29:18,998 - ecommerce_crawler - INFO - Found product URL: https://www.virgio.com/products/gothic-boheme-hit2-maroon-ruffle-midi-skirt
2025-03-30 14:29:18,999 - ecommerce_crawler - INFO - Found product URL: https://www.virgio.com/products/vintage-vogue-white-pleated-shorts
2025-03-30 14:29:18,999 - ecommerce_crawler - INFO - Found product URL: https://www.virgio.com/products/artisans-aura-jaipur-hand-block-print-front-tie-shorts
2025-03-30 14:29:18,999 - ecommerce_crawler - INFO - Found product URL: https://www.virgio.com/products/artisans-aura-handcrafted-jaipur-hand-block-print-wrap-skirt
2025-03-30 14:29:19,000 - ecommerce_crawler - INFO - Found product URL: https://www.virgio.com/products/vintage-vogue-block-print-bootcut-pants
2025-03-30 14:29:19,001 - ecommerce_crawler - INFO - Found product URL: https://www.virgio.com/products/academic-edge-hit1-pink-pull-on-shorts
2025-03-30 14:29:19,001 - ecommerce_crawler - INFO - Found product URL: https://www.virgio.com/products/academic-edge-hit1-blue-pull-on-shorts
2025-03-30 14:29:19,001 - ecommerce_crawler - INFO - Found product URL: https://www.virgio.com/products/denim-daze-hit4-blue-regular-flared-denims
2025-03-30 14:29:19,002 - ecommerce_crawler - INFO - Found product URL: https://www.virgio.com/products/denim-daze-hit4-blue-straight-flared-denims
2025-03-30 14:29:19,002 - ecommerce_crawler - INFO - Found product URL: https://www.virgio.com/products/artisans-aura-jaipur-hand-block-print-wrap-pants
2025-03-30 14:29:19,002 - ecommerce_crawler - INFO - Found product URL: https://www.virgio.com/products/work-wear-china-khakhi-high-waist-pants
2025-03-30 14:29:19,003 - ecommerce_crawler - INFO - Found product URL: https://www.virgio.com/products/whispering-clouds-black-paperbag-waist-pants
2025-03-30 14:29:37,899 - ecommerce_crawler - INFO - Found product URL: https://www.virgio.com/products/work-wear-china-black-high-waist-pants
2025-03-30 14:29:37,902 - ecommerce_crawler - INFO - Found product URL: https://www.virgio.com/products/work-wear-china-button-detail-midi-skirt
2025-03-30 14:29:37,905 - ecommerce_crawler - INFO - Found product URL: https://www.virgio.com/products/work-wear-china-olive-button-detail-skirt
2025-03-30 14:29:37,911 - ecommerce_crawler - INFO - Found product URL: https://www.virgio.com/products/brightlinen-cotton-linen-boxy-shirt
2025-03-30 14:29:37,913 - ecommerce_crawler - INFO - Found product URL: https://www.virgio.com/products/autumn-pop-abstract-floral-printed-shirt
2025-03-30 14:29:37,913 - ecommerce_crawler - INFO - Found product URL: https://www.virgio.com/products/autumn-pop-floral-printed-shirt
2025-03-30 14:29:37,915 - ecommerce_crawler - INFO - Found product URL: https://www.virgio.com/products/youth-linen-cotton-printed-boxy-shirt
2025-03-30 14:29:37,916 - ecommerce_crawler - INFO - Found product URL: https://www.virgio.com/products/9to9-side-shoulder-pleated-top
2025-03-30 14:29:37,916 - ecommerce_crawler - INFO - Found product URL: https://www.virgio.com/products/rose-revival-recycled-poly-floral-shirt
2025-03-30 14:29:37,917 - ecommerce_crawler - INFO - Found product URL: https://www.virgio.com/products/9to9-brown-shoulder-pleated-top
2025-03-30 14:29:37,917 - ecommerce_crawler - INFO - Found product URL: https://www.virgio.com/products/rose-revival-viscose-floral-print-shirt
2025-03-30 14:29:37,919 - ecommerce_crawler - INFO - Found product URL: https://www.virgio.com/products/rose-revival-viscose-full-sleeve-shirt
2025-03-30 14:29:37,919 - ecommerce_crawler - INFO - Found product URL: https://www.virgio.com/products/youth-linen-cotton-boxy-collar-shirt
2025-03-30 14:29:37,919 - ecommerce_crawler - INFO - Found product URL: https://www.virgio.com/products/9to9-viscose-oversized-shirt
2025-03-30 14:29:37,920 - ecommerce_crawler - INFO - Found product URL: https://www.virgio.com/products/soft-romance-bell-sleeve-regular-shirt
2025-03-30 14:29:37,920 - ecommerce_crawler - INFO - Found product URL: https://www.virgio.com/products/youth-linen-cotton-boxy-shirt
2025-03-30 14:29:37,920 - ecommerce_crawler - INFO - Found product URL: https://www.virgio.com/products/rose-revival-recycled-poly-cargo-shirt
2025-03-30 14:29:37,921 - ecommerce_crawler - INFO - Found product URL: https://www.virgio.com/products/reworked-shirt-suave-cotton-striped-shirt
2025-03-30 14:29:37,921 - ecommerce_crawler - INFO - Found product URL: https://www.virgio.com/products/9to9-cotton-cap-sleeve-shirt
2025-03-30 14:29:37,922 - ecommerce_crawler - INFO - Found product URL: https://www.virgio.com/products/poppy-poplin-chic-cotton-floral-shirt
2025-03-30 14:29:37,922 - ecommerce_crawler - INFO - Found product URL: https://www.virgio.com/products/whispering-clouds-embroidered-oversized-shirt
2025-03-30 14:29:37,924 - ecommerce_crawler - INFO - Found product URL: https://www.virgio.com/products/tailored-elegance-back-cutout-regular-shirt
2025-03-30 14:29:37,924 - ecommerce_crawler - INFO - Found product URL: https://www.virgio.com/products/pantone-floral-print-blocked-shirt
2025-03-30 14:29:37,924 - ecommerce_crawler - INFO - Found product URL: https://www.virgio.com/products/poppy-poplin-cotton-puff-sleeve-shirt
2025-03-30 14:29:37,924 - ecommerce_crawler - INFO - Found product URL: https://www.virgio.com/products/whispering-clouds-collared-high-low-hem-top
2025-03-30 14:29:37,926 - ecommerce_crawler - INFO - Found product URL: https://www.virgio.com/products/perfect-match-throw-on-top-and-shirt
2025-03-30 14:29:37,926 - ecommerce_crawler - INFO - Found product URL: https://www.virgio.com/products/linenluxe-glam-jumpsuit-with-cut-out
2025-03-30 14:29:37,927 - ecommerce_crawler - INFO - Found product URL: https://www.virgio.com/products/ss24-sleek-poly-viscose-front-overlap-jumpsuit
2025-03-30 14:29:37,927 - ecommerce_crawler - INFO - Found product URL: https://www.virgio.com/products/reworked-front-twist-halter-neck-jumpsuit
2025-03-30 14:29:37,927 - ecommerce_crawler - INFO - Found product URL: https://www.virgio.com/products/utility-chic-comfy-lycra-boiler-suit
2025-03-30 14:29:37,928 - ecommerce_crawler - INFO - Found product URL: https://www.virgio.com/products/linenluxe-classy-jumpsuit-with-cut-out
2025-03-30 14:29:37,929 - ecommerce_crawler - INFO - Found product URL: https://www.virgio.com/products/linenluxe-comfy-cotton-playsuit
2025-03-30 14:29:37,929 - ecommerce_crawler - INFO - Found product URL: https://www.virgio.com/products/linenluxe-pretty-cotton-playsuit
2025-03-30 14:29:37,931 - ecommerce_crawler - INFO - Found product URL: https://www.virgio.com/products/veronicas-soft-cotton-floral-playsuit
2025-03-30 14:29:37,931 - ecommerce_crawler - INFO - Found product URL: https://www.virgio.com/products/retro-cotton-mini-playsuit
2025-03-30 14:29:37,931 - ecommerce_crawler - INFO - Found product URL: https://www.virgio.com/products/ss24-chic-cotton-pinafore-romper
2025-03-30 14:29:37,932 - ecommerce_crawler - INFO - Found product URL: https://www.virgio.com/products/veronicas-comfy-cotton-striped-playsuit
2025-03-30 14:29:37,932 - ecommerce_crawler - INFO - Found product URL: https://www.virgio.com/products/pantone-brown-flared-leg-jumpsuit
2025-03-30 14:29:56,485 - ecommerce_crawler - INFO - Found product URL: https://www.virgio.com/products/party-wear-black-embellished-dolman-top
2025-03-30 14:29:56,489 - ecommerce_crawler - INFO - Found product URL: https://www.virgio.com/products/party-wear-maroon-embellished-dolman-top
2025-03-30 14:29:56,492 - ecommerce_crawler - INFO - Found product URL: https://www.virgio.com/products/academic-edge-hit2-distressed-wash-embroidered-tee
2025-03-30 14:29:56,494 - ecommerce_crawler - INFO - Found product URL: https://www.virgio.com/products/academic-edge-hit2-grey-overlap-knit-tee
2025-03-30 14:29:56,497 - ecommerce_crawler - INFO - Found product URL: https://www.virgio.com/products/academic-edge-hit2-embroidered-distressed-wash-tee
2025-03-30 14:29:56,497 - ecommerce_crawler - INFO - Found product URL: https://www.virgio.com/products/temple-flower-eco-printed-side-slit-tunic
2025-03-30 14:29:56,498 - ecommerce_crawler - INFO - Found product URL: https://www.virgio.com/products/gothic-boheme-hit2-black-lace-detail-shirt
2025-03-30 14:29:56,498 - ecommerce_crawler - INFO - Found product URL: https://www.virgio.com/products/gothic-boheme-hit2-red-lace-detail-shirt
2025-03-30 14:29:56,498 - ecommerce_crawler - INFO - Found product URL: https://www.virgio.com/products/gothic-boheme-hit2-front-tie-embroidered-top
2025-03-30 14:29:56,499 - ecommerce_crawler - INFO - Found product URL: https://www.virgio.com/products/gothic-boheme-hit2-white-embroidered-vest
2025-03-30 14:29:56,499 - ecommerce_crawler - INFO - Found product URL: https://www.virgio.com/products/gothic-boheme-hit2-black-contrast-embroidery-top
2025-03-30 14:29:56,500 - ecommerce_crawler - INFO - Found product URL: https://www.virgio.com/products/gothic-boheme-hit2-white-contrast-embroidery-top
2025-03-30 14:29:56,500 - ecommerce_crawler - INFO - Found product URL: https://www.virgio.com/products/gothic-boheme-hit2-embroidered-top-with-front-tie
2025-03-30 14:29:56,501 - ecommerce_crawler - INFO - Found product URL: https://www.virgio.com/products/retro-cotton-halter-neck-top
2025-03-30 14:29:56,502 - ecommerce_crawler - INFO - Found product URL: https://www.virgio.com/products/elevated-essential-h1-sleek-knit-sleeveless-top
2025-03-30 14:29:56,503 - ecommerce_crawler - INFO - Found product URL: https://www.virgio.com/products/work-wear-china-square-neck-fitted-dress
2025-03-30 14:29:56,505 - ecommerce_crawler - INFO - Found product URL: https://www.virgio.com/products/ruffle-romance-asymmetrical-hem-frill-dress
2025-03-30 14:29:56,505 - ecommerce_crawler - INFO - Found product URL: https://www.virgio.com/products/work-wear-china-beige-jail-stripe-waistcoat
2025-03-30 14:29:56,505 - ecommerce_crawler - INFO - Found product URL: https://www.virgio.com/products/rose-revival-recycled-poly-floral-skirt
2025-03-30 14:29:56,505 - ecommerce_crawler - INFO - Found product URL: https://www.virgio.com/products/work-wear-china-side-gathered-midi-dress
2025-03-30 14:29:56,509 - ecommerce_crawler - INFO - Found product URL: https://www.virgio.com/products/9to9-cotton-top-pants-co-ord
2025-03-30 14:29:56,511 - ecommerce_crawler - INFO - Found product URL: https://www.virgio.com/products/papillon-charm-asymmetrical-neck-maxi-dress
2025-03-30 14:29:56,512 - ecommerce_crawler - INFO - Found product URL: https://www.virgio.com/products/papillon-charm-butterfly-printed-shirt
2025-03-30 14:29:56,512 - ecommerce_crawler - INFO - Found product URL: https://www.virgio.com/products/papillon-charm-one-shoulder-maxi-dress
2025-03-30 14:29:56,513 - ecommerce_crawler - INFO - Found product URL: https://www.virgio.com/products/papillon-charm-butterfly-print-midi-dress
2025-03-30 14:29:56,514 - ecommerce_crawler - INFO - Found product URL: https://www.virgio.com/products/ruffle-romance-green-ruffle-midi-dress
2025-03-30 14:29:56,514 - ecommerce_crawler - INFO - Found product URL: https://www.virgio.com/products/ruffle-romance-long-sleeve-ruffle-dress
2025-03-30 14:29:56,515 - ecommerce_crawler - INFO - Found product URL: https://www.virgio.com/products/ruffle-romance-black-ruffle-dress-with-slit
2025-03-30 14:29:56,517 - ecommerce_crawler - INFO - Found product URL: https://www.virgio.com/products/ruffle-romance-blue-ruffle-dress-with-slit
2025-03-30 14:29:56,517 - ecommerce_crawler - INFO - Found product URL: https://www.virgio.com/products/9to9-cotton-dress-with-belt
2025-03-30 14:29:56,517 - ecommerce_crawler - INFO - Found product URL: https://www.virgio.com/products/rose-revival-boat-neck-floral-maxi-dress
2025-03-30 14:29:56,518 - ecommerce_crawler - INFO - Found product URL: https://www.virgio.com/products/9to9-cotton-strapless-top
2025-03-30 14:29:56,519 - ecommerce_crawler - INFO - Found product URL: https://www.virgio.com/products/rose-revival-viscose-gathered-dress
2025-03-30 14:29:56,520 - ecommerce_crawler - INFO - Found product URL: https://www.virgio.com/products/youth-linen-scallop-cotton-midi-dress
2025-03-30 14:30:14,190 - ecommerce_crawler - INFO - Found product URL: https://www.virgio.com/products/poppy-poplin-dress-with-gather-details
2025-03-30 14:30:14,192 - ecommerce_crawler - INFO - Found product URL: https://www.virgio.com/products/vintage-bloom-cotton-smocking-maxi-dress
2025-03-30 14:30:14,193 - ecommerce_crawler - INFO - Found product URL: https://www.virgio.com/products/utility-chic-jacket-front-open-twill-dress
2025-03-30 14:30:14,195 - ecommerce_crawler - INFO - Found product URL: https://www.virgio.com/products/rose-revival-viscose-floral-midi-dress
2025-03-30 14:30:14,199 - ecommerce_crawler - INFO - Found product URL: https://www.virgio.com/products/shimmering-front-tie-up-metallic-dress-with-pockets
2025-03-30 14:30:14,199 - ecommerce_crawler - INFO - Found product URL: https://www.virgio.com/products/rosebud-corsage-bodycon-dress
2025-03-30 14:30:14,200 - ecommerce_crawler - INFO - Found product URL: https://www.virgio.com/products/cinched-silhouette-mini-dress-with-pockets
2025-03-30 14:30:14,201 - ecommerce_crawler - INFO - Found product URL: https://www.virgio.com/products/blossom-blouson-green-dress-with-pockets
2025-03-30 14:30:14,201 - ecommerce_crawler - INFO - Found product URL: https://www.virgio.com/products/polka-dot-serenade-in-black-with-pockets
2025-03-30 14:30:14,203 - ecommerce_crawler - INFO - Found product URL: https://www.virgio.com/products/ruby-rapture-knee-length-dress
2025-03-30 14:30:14,204 - ecommerce_crawler - INFO - Found product URL: https://www.virgio.com/products/schiffli-fit-and-flare-dress-with-puff-sleeves
2025-03-30 14:30:14,204 - ecommerce_crawler - INFO - Found product URL: https://www.virgio.com/products/sultry-recycled-polyester-floral-skirt
2025-03-30 14:30:14,204 - ecommerce_crawler - INFO - Found product URL: https://www.virgio.com/products/rainbow-breeze-mini-delight-with-pockets
2025-03-30 14:30:14,206 - ecommerce_crawler - INFO - Found product URL: https://www.virgio.com/products/citrus-splash-polka-dot-dress-with-pockets
2025-03-30 14:30:14,209 - ecommerce_crawler - INFO - Found product URL: https://www.virgio.com/products/vivid-v-neck-frill-elegance-with-pockets
2025-03-30 14:30:14,209 - ecommerce_crawler - INFO - Found product URL: https://www.virgio.com/products/glam-lycra-satin-ruching-skirt
2025-03-30 14:30:14,210 - ecommerce_crawler - INFO - Found product URL: https://www.virgio.com/products/floral-reverie-v-neck-maxi-dress
2025-03-30 14:30:14,211 - ecommerce_crawler - INFO - Found product URL: https://www.virgio.com/products/classy-lycra-satin-floral-bomber-jacket
2025-03-30 14:30:14,211 - ecommerce_crawler - INFO - Found product URL: https://www.virgio.com/products/floral-fantasy-button-down-dress-with-pockets
2025-03-30 14:30:14,212 - ecommerce_crawler - INFO - Found product URL: https://www.virgio.com/products/nautical-bloom-smocked-dress-with-pockets
2025-03-30 14:30:14,213 - ecommerce_crawler - INFO - Found product URL: https://www.virgio.com/products/sleek-blue-animal-print-dress
2025-03-30 14:30:14,214 - ecommerce_crawler - INFO - Found product URL: https://www.virgio.com/products/animal-print-v-neck-mini-dress
2025-03-30 14:30:14,216 - ecommerce_crawler - INFO - Found product URL: https://www.virgio.com/products/elevated-essential-h1-charming-knit-crop-t-shirt
2025-03-30 14:30:14,217 - ecommerce_crawler - INFO - Found product URL: https://www.virgio.com/products/elevated-essential-h1-airy-knit-boxy-t-shirt
2025-03-30 14:30:14,217 - ecommerce_crawler - INFO - Found product URL: https://www.virgio.com/products/tranquil-checks-cotton-gingham-tie-top
2025-03-30 14:30:14,218 - ecommerce_crawler - INFO - Found product URL: https://www.virgio.com/products/retro-cottton-front-tie-crop-top
2025-03-30 14:30:14,218 - ecommerce_crawler - INFO - Found product URL: https://www.virgio.com/products/smocking-hot-hit2-cotton-twill-smocking-top
2025-03-30 14:30:32,701 - ecommerce_crawler - INFO - Found product URL: https://www.virgio.com/products/pantone-puff-sleeve-smocked-dress
2025-03-30 14:30:32,702 - ecommerce_crawler - INFO - Found product URL: https://www.virgio.com/products/pantone-strappy-tiered-lace-dress
2025-03-30 14:30:32,702 - ecommerce_crawler - INFO - Found product URL: https://www.virgio.com/products/pantone-strappy-gathered-dress
2025-03-30 14:30:32,703 - ecommerce_crawler - INFO - Found product URL: https://www.virgio.com/products/pantone-brown-straight-fit-trousers
2025-03-30 14:30:32,703 - ecommerce_crawler - INFO - Found product URL: https://www.virgio.com/products/pantone-smocked-sleeveless-mini-dress
2025-03-30 14:30:32,704 - ecommerce_crawler - INFO - Found product URL: https://www.virgio.com/products/pantone-colour-blocked-layered-dress
2025-03-30 14:30:32,705 - ecommerce_crawler - INFO - Found product URL: https://www.virgio.com/products/pantone-colour-block-bow-tie-up-top
2025-03-30 14:30:32,705 - ecommerce_crawler - INFO - Found product URL: https://www.virgio.com/products/modern-muse-embroidery-sleeveless-top
2025-03-30 14:30:32,706 - ecommerce_crawler - INFO - Found product URL: https://www.virgio.com/products/modern-muse-purple-lace-detail-midi-dress
2025-03-30 14:30:32,707 - ecommerce_crawler - INFO - Found product URL: https://www.virgio.com/products/modern-muse-lace-drop-shoulder-shirt
2025-03-30 14:30:32,707 - ecommerce_crawler - INFO - Found product URL: https://www.virgio.com/products/modern-muse-black-crochet-crop-top
2025-03-30 14:30:32,708 - ecommerce_crawler - INFO - Found product URL: https://www.virgio.com/products/modern-muse-tie-up-top-with-cami-inside
2025-03-30 14:30:32,708 - ecommerce_crawler - INFO - Found product URL: https://www.virgio.com/products/modern-muse-embroidered-top-with-ruffles
2025-03-30 14:30:32,709 - ecommerce_crawler - INFO - Found product URL: https://www.virgio.com/products/modern-muse-drop-shoulder-lace-shirt
2025-03-30 14:30:32,709 - ecommerce_crawler - INFO - Found product URL: https://www.virgio.com/products/modern-muse-white-mini-crocket-skirt
2025-03-30 14:30:32,709 - ecommerce_crawler - INFO - Found product URL: https://www.virgio.com/products/modern-muse-tuck-and-lace-detailed-top
2025-03-30 14:30:50,258 - ecommerce_crawler - INFO - Found product URL: https://www.virgio.com/products/modern-muse-black-mini-crocket-skirt
2025-03-30 14:30:50,258 - ecommerce_crawler - INFO - Found product URL: https://www.virgio.com/products/modern-muse-blue-crochet-crop-top
2025-03-30 14:30:50,258 - ecommerce_crawler - INFO - Found product URL: https://www.virgio.com/products/modern-muse-embroidered-lace-tie-top
2025-03-30 14:30:50,258 - ecommerce_crawler - INFO - Found product URL: https://www.virgio.com/products/modern-muse-lace-detail-pull-up-pants
2025-03-30 14:30:50,258 - ecommerce_crawler - INFO - Found product URL: https://www.virgio.com/products/modern-muse-embroidered-ruffled-top
2025-03-30 14:30:50,258 - ecommerce_crawler - INFO - Found product URL: https://www.virgio.com/products/modern-muse-pink-lace-detail-midi-dress
2025-03-30 14:30:50,258 - ecommerce_crawler - INFO - Found product URL: https://www.virgio.com/products/modern-muse-crochet-lace-gathered-skirt
2025-03-30 14:30:50,258 - ecommerce_crawler - INFO - Found product URL: https://www.virgio.com/products/gothic-boheme-hit2-white-contrast-embroidery-dress
2025-03-30 14:30:50,258 - ecommerce_crawler - INFO - Found product URL: https://www.virgio.com/products/gothic-boheme-hit2-maroon-contrast-embroidery-dress
2025-03-30 14:30:50,265 - ecommerce_crawler - INFO - Found product URL: https://www.virgio.com/products/gothic-boheme-hit2-shoulder-tie-up-lace-dress
2025-03-30 14:30:50,265 - ecommerce_crawler - INFO - Found product URL: https://www.virgio.com/products/artisans-aura-jaipur-hand-block-print-full-sleeves-smocked-top
2025-03-30 14:30:50,265 - ecommerce_crawler - INFO - Found product URL: https://www.virgio.com/products/temple-flower-front-tie-up-pintuck-dress
2025-03-30 14:30:50,266 - ecommerce_crawler - INFO - Found product URL: https://www.virgio.com/products/artisans-aura-jaipur-hand-block-print-slip-dress
2025-03-30 14:30:50,266 - ecommerce_crawler - INFO - Found product URL: https://www.virgio.com/products/artisans-aura-jaipur-hand-block-print-front-placket-dress
2025-03-30 14:30:50,266 - ecommerce_crawler - INFO - Found product URL: https://www.virgio.com/products/artisans-aura-handcrafted-royal-jaipur-block-print-dress
2025-03-30 14:30:50,267 - ecommerce_crawler - INFO - Found product URL: https://www.virgio.com/products/artisans-aura-jaipur-hand-block-print-flutter-sleeve-top
2025-03-30 14:30:50,267 - ecommerce_crawler - INFO - Found product URL: https://www.virgio.com/products/artisans-aura-jaipur-hand-block-print-elasticated-waist-crop-top
2025-03-30 14:30:50,268 - ecommerce_crawler - INFO - Found product URL: https://www.virgio.com/products/artisans-aura-jaipur-hand-block-print-tie-up-neck-dress
2025-03-30 14:30:50,268 - ecommerce_crawler - INFO - Found product URL: https://www.virgio.com/products/soft-romance-red-balloon-skirt-dress
2025-03-30 14:30:50,268 - ecommerce_crawler - INFO - Found product URL: https://www.virgio.com/products/autumn-pop-pink-strappy-midi-dress
2025-03-30 14:30:50,268 - ecommerce_crawler - INFO - Found product URL: https://www.virgio.com/products/retro-back-cutout-mini-dress
2025-03-30 14:30:50,269 - ecommerce_crawler - INFO - Found product URL: https://www.virgio.com/products/modern-muse-white-shirt-dress-with-vest
2025-03-30 14:30:50,269 - ecommerce_crawler - INFO - Found product URL: https://www.virgio.com/products/soft-romance-ruffled-mini-dress-with-bow
2025-03-30 14:30:50,269 - ecommerce_crawler - INFO - Found product URL: https://www.virgio.com/products/modern-muse-black-shirt-dress-with-vest
2025-03-30 14:30:50,269 - ecommerce_crawler - INFO - Found product URL: https://www.virgio.com/products/soft-romance-halter-neck-tiered-dress
2025-03-30 14:30:50,271 - ecommerce_crawler - INFO - Found product URL: https://www.virgio.com/products/autumn-pop-blue-strappy-midi-dress
2025-03-30 14:30:50,271 - ecommerce_crawler - INFO - Found product URL: https://www.virgio.com/products/ric-rac-lace-maxi-dress-with-lace-straps
2025-03-30 14:30:50,271 - ecommerce_crawler - INFO - Found product URL: https://www.virgio.com/products/rose-revival-viscose-strappy-midi-dress
2025-03-30 14:31:03,888 - ecommerce_crawler - INFO - Found product URL: https://www.virgio.com/products/rose-revival-cotton-floral-maxi-dress
2025-03-30 14:31:03,890 - ecommerce_crawler - INFO - Found product URL: https://www.virgio.com/products/rose-revival-recycled-poly-printed-dress
2025-03-30 14:31:03,891 - ecommerce_crawler - INFO - Found product URL: https://www.virgio.com/products/whispering-clouds-red-dolman-sleeve-shirt-dress
2025-03-30 14:31:03,892 - ecommerce_crawler - INFO - Found product URL: https://www.virgio.com/products/academic-edge-hit1-cropped-hoodie-shorts-co-ord
2025-03-30 14:31:03,893 - ecommerce_crawler - INFO - Found product URL: https://www.virgio.com/products/perfect-match-cotton-drill-co-ord
2025-03-30 14:31:03,893 - ecommerce_crawler - INFO - Found product URL: https://www.virgio.com/products/academic-edge-hit1-hoodie-shorts-co-ord-set
2025-03-30 14:31:03,893 - ecommerce_crawler - INFO - Found product URL: https://www.virgio.com/products/perfect-match-drill-cotton-co-ord
2025-03-30 14:31:03,894 - ecommerce_crawler - INFO - Found product URL: https://www.virgio.com/products/perfect-match-vibrant-cotton-co-ord
2025-03-30 14:31:03,894 - ecommerce_crawler - INFO - Found product URL: https://www.virgio.com/products/tranquil-checks-cotton-gingham-co-ord-set
2025-03-30 14:31:03,894 - ecommerce_crawler - INFO - Found product URL: https://www.virgio.com/products/tranquil-checks-cotton-check-co-ord-set
2025-03-30 14:31:03,894 - ecommerce_crawler - INFO - Found product URL: https://www.virgio.com/products/perfect-match-breezy-cotton-bandeau
2025-03-30 14:31:03,894 - ecommerce_crawler - INFO - Found product URL: https://www.virgio.com/products/ric-rac-lace-red-tunic-pants-co-ord
2025-03-30 14:31:03,895 - ecommerce_crawler - INFO - Found product URL: https://www.virgio.com/products/posh-in-polka-polka-co-ord-set
2025-03-30 14:31:03,895 - ecommerce_crawler - INFO - Found product URL: https://www.virgio.com/products/ric-rac-lace-ric-rac-lace-black-co-ords
2025-03-30 14:31:03,895 - ecommerce_crawler - INFO - Found product URL: https://www.virgio.com/products/9to9-cotton-co-ords-set
2025-03-30 14:31:03,895 - ecommerce_crawler - INFO - Found product URL: https://www.virgio.com/products/ric-rac-lace-black-ric-rac-lace-co-ords
2025-03-30 14:31:03,896 - ecommerce_crawler - INFO - Found product URL: https://www.virgio.com/products/ric-rac-lace-top-skirt-black-co-ords
2025-03-30 14:31:03,896 - ecommerce_crawler - INFO - Found product URL: https://www.virgio.com/products/ric-rac-lace-black-tunic-pants-co-ord
2025-03-30 14:31:03,896 - ecommerce_crawler - INFO - Found product URL: https://www.virgio.com/products/perfect-match-dreamy-top-skirt-co-ord
2025-03-30 14:31:03,897 - ecommerce_crawler - INFO - Found product URL: https://www.virgio.com/products/perfect-match-zesty-cotton-mini-shorts
2025-03-30 14:31:03,897 - ecommerce_crawler - INFO - Found product URL: https://www.virgio.com/products/utility-chic-chic-cotton-co-ord-set
2025-03-30 14:31:03,898 - ecommerce_crawler - INFO - Found product URL: https://www.virgio.com/products/poppy-poplin-classy-cotton-co-ord-set
2025-03-30 14:31:03,898 - ecommerce_crawler - INFO - Found product URL: https://www.virgio.com/products/perfect-match-ethereal-floral-co-ord
2025-03-30 14:31:03,898 - ecommerce_crawler - INFO - Found product URL: https://www.virgio.com/products/alicia-glam-cotton-striped-co-ords
2025-03-30 14:31:03,898 - ecommerce_crawler - INFO - Found product URL: https://www.virgio.com/products/nubohem-sultry-cotton-tube-top-with-trousers
2025-03-30 14:31:03,899 - ecommerce_crawler - INFO - Found product URL: https://www.virgio.com/products/ric-rac-lace-blue-tiered-maxi-skirt
2025-03-30 14:31:03,899 - ecommerce_crawler - INFO - Found product URL: https://www.virgio.com/products/ric-rac-lace-ric-rac-lace-tiered-skirt
2025-03-30 14:31:03,899 - ecommerce_crawler - INFO - Found product URL: https://www.virgio.com/products/tailored-elegance-navy-blue-mini-pleated-skirt
2025-03-30 14:31:03,900 - ecommerce_crawler - INFO - Found product URL: https://www.virgio.com/products/work-wear-china-beige-jail-stripe-trousers
2025-03-30 14:31:03,900 - ecommerce_crawler - INFO - Found product URL: https://www.virgio.com/products/tailored-elegance-checked-mini-pleated-skirt
2025-03-30 14:31:03,900 - ecommerce_crawler - INFO - Found product URL: https://www.virgio.com/products/ric-rac-lace-black-ric-rac-lace-skort
2025-03-30 14:31:03,900 - ecommerce_crawler - INFO - Found product URL: https://www.virgio.com/products/ric-rac-lace-red-lace-detail-flared-pants
2025-03-30 14:31:03,901 - ecommerce_crawler - INFO - Found product URL: https://www.virgio.com/products/posh-in-polka-vertical-ruffle-polka-skirt
2025-03-30 14:31:03,901 - ecommerce_crawler - INFO - Found product URL: https://www.virgio.com/products/work-wear-china-beige-jail-stripe-shorts
2025-03-30 14:31:03,901 - ecommerce_crawler - INFO - Found product URL: https://www.virgio.com/products/denim-daze-hit3-blue-high-waist-jeans
2025-03-30 14:31:20,305 - ecommerce_crawler - INFO - Found product URL: https://www.virgio.com/products/ric-rac-lace-lace-detail-gathered-skirt
2025-03-30 14:31:20,307 - ecommerce_crawler - INFO - Found product URL: https://www.virgio.com/products/ric-rac-lace-lace-detail-flared-pants
2025-03-30 14:31:20,309 - ecommerce_crawler - INFO - Found product URL: https://www.virgio.com/products/ric-rac-lace-lace-detail-flared-skirt
2025-03-30 14:31:20,310 - ecommerce_crawler - INFO - Found product URL: https://www.virgio.com/products/denim-mix-cotton-panelled-trousers
2025-03-30 14:31:20,311 - ecommerce_crawler - INFO - Found product URL: https://www.virgio.com/products/denim-daze-hit3-light-blue-wrap-mini-skirt
2025-03-30 14:31:20,312 - ecommerce_crawler - INFO - Found product URL: https://www.virgio.com/products/denim-daze-hit3-blue-wide-leg-denim
2025-03-30 14:31:20,313 - ecommerce_crawler - INFO - Found product URL: https://www.virgio.com/products/denim-mix-cotton-denim-fusion-midi-skirt
2025-03-30 14:31:20,313 - ecommerce_crawler - INFO - Found product URL: https://www.virgio.com/products/denim-daze-hit3-dark-blue-high-waist-jeans
2025-03-30 14:31:20,314 - ecommerce_crawler - INFO - Found product URL: https://www.virgio.com/products/denim-daze-hit3-grey-wide-leg-denim
2025-03-30 14:31:20,314 - ecommerce_crawler - INFO - Found product URL: https://www.virgio.com/products/modern-muse-black-crochet-crop-shirt
2025-03-30 14:31:20,315 - ecommerce_crawler - INFO - Found product URL: https://www.virgio.com/products/retro-gingham-front-tie-shirt
2025-03-30 14:31:20,316 - ecommerce_crawler - INFO - Found product URL: https://www.virgio.com/products/pantone-short-sleeve-buttoned-shirt
2025-03-30 14:31:20,316 - ecommerce_crawler - INFO - Found product URL: https://www.virgio.com/products/whispering-clouds-oversized-embroidered-shirt
2025-03-30 14:31:20,316 - ecommerce_crawler - INFO - Found product URL: https://www.virgio.com/products/ric-rac-lace-lace-trim-scallop-cuff-shirt
2025-03-30 14:31:20,317 - ecommerce_crawler - INFO - Found product URL: https://www.virgio.com/products/vintage-vogue-teal-pin-tucks-detail-blouse
2025-03-30 14:31:20,317 - ecommerce_crawler - INFO - Found product URL: https://www.virgio.com/products/vintage-vogue-white-pin-tucks-detail-blouse
2025-03-30 14:31:20,318 - ecommerce_crawler - INFO - Found product URL: https://www.virgio.com/products/vintage-vogue-long-puff-sleeved-shirt
2025-03-30 14:31:20,318 - ecommerce_crawler - INFO - Found product URL: https://www.virgio.com/products/vintage-vogue-white-ruffled-collar-shirt
2025-03-30 14:31:20,318 - ecommerce_crawler - INFO - Found product URL: https://www.virgio.com/products/vintage-vogue-long-sleeve-shirt-bralette
2025-03-30 14:31:20,318 - ecommerce_crawler - INFO - Found product URL: https://www.virgio.com/products/pantone-ditsy-print-pleated-shirt
2025-03-30 14:31:20,319 - ecommerce_crawler - INFO - Found product URL: https://www.virgio.com/products/modern-muse-white-crochet-crop-shirt
2025-03-30 14:31:20,319 - ecommerce_crawler - INFO - Found product URL: https://www.virgio.com/products/ric-rac-lace-full-sleeve-lace-trim-shirt
2025-03-30 14:31:20,319 - ecommerce_crawler - INFO - Found product URL: https://www.virgio.com/products/utility-chic-jacket-front-open-cropped-jacket
2025-03-30 14:31:20,320 - ecommerce_crawler - INFO - Found product URL: https://www.virgio.com/products/date-classy-lycra-satin-red-bodycon-dress
2025-03-30 14:31:20,320 - ecommerce_crawler - INFO - Found product URL: https://www.virgio.com/products/date-sizzling-black-dress-with-halter-neck-tie-up
2025-03-30 14:31:20,321 - ecommerce_crawler - INFO - Found product URL: https://www.virgio.com/products/date-classy-black-slip-dress-with-asymmetric-neckline
2025-03-30 14:31:20,322 - ecommerce_crawler - INFO - Found product URL: https://www.virgio.com/products/date-sleek-black-dress-with-contrast-ruffles
2025-03-30 14:31:20,322 - ecommerce_crawler - INFO - Found product URL: https://www.virgio.com/products/date-classy-red-dress-with-contrast-ruffles
2025-03-30 14:31:20,322 - ecommerce_crawler - INFO - Found product URL: https://www.virgio.com/products/date-glam-lycra-satin-black-bodycon-dress
2025-03-30 14:31:20,322 - ecommerce_crawler - INFO - Found product URL: https://www.virgio.com/products/date-sizzling-red-dress-with-halter-neck-tie-up
2025-03-30 14:31:20,323 - ecommerce_crawler - INFO - Found product URL: https://www.virgio.com/products/poppy-poplin-classy-cotton-mini-dress
2025-03-30 14:31:20,324 - ecommerce_crawler - INFO - Found product URL: https://www.virgio.com/products/date-chic-corset-dress-with-flutter-sleeve
2025-03-30 14:31:20,326 - ecommerce_crawler - INFO - Found product URL: https://www.virgio.com/products/date-glam-white-slip-dress-with-asymmetric-neckline
2025-03-30 14:31:20,326 - ecommerce_crawler - INFO - Found product URL: https://www.virgio.com/products/date-chic-black-pencil-skirt
2025-03-30 14:31:20,326 - ecommerce_crawler - INFO - Found product URL: https://www.virgio.com/products/date-cute-lycra-satin-white-sleeveless-dress
2025-03-30 14:31:20,327 - ecommerce_crawler - INFO - Found product URL: https://www.virgio.com/products/date-glam-corset-dress-with-flutter-sleeve
2025-03-30 14:31:20,327 - ecommerce_crawler - INFO - Found product URL: https://www.virgio.com/products/date-chic-lycra-satin-black-corset-detail-dress
2025-03-30 14:31:20,327 - ecommerce_crawler - INFO - Found product URL: https://www.virgio.com/products/date-chic-red-lycra-satin-skirt
2025-03-30 14:31:20,327 - ecommerce_crawler - INFO - Found product URL: https://www.virgio.com/products/date-sleek-red-pencil-skirt
2025-03-30 14:31:20,327 - ecommerce_crawler - INFO - Found product URL: https://www.virgio.com/products/date-bianca-sleek-black-co-ords
2025-03-30 14:31:38,848 - ecommerce_crawler - INFO - Found product URL: https://www.virgio.com/products/date-chic-lycra-satin-red-corset-detail-dress
2025-03-30 14:31:38,850 - ecommerce_crawler - INFO - Found product URL: https://www.virgio.com/products/date-chic-lycra-satin-red-v-neck-dress
2025-03-30 14:31:38,851 - ecommerce_crawler - INFO - Found product URL: https://www.virgio.com/products/date-timeless-lycra-satin-white-halter-neck-dress
2025-03-30 14:31:38,853 - ecommerce_crawler - INFO - Found product URL: https://www.virgio.com/products/date-timeless-lycra-satin-black-halter-neck-dress
2025-03-30 14:31:38,855 - ecommerce_crawler - INFO - Found product URL: https://www.virgio.com/products/date-casual-lycra-satin-white-shirt
2025-03-30 14:31:38,858 - ecommerce_crawler - INFO - Found product URL: https://www.virgio.com/products/denim-daze-hit3-black-high-waist-jeans
2025-03-30 14:31:38,858 - ecommerce_crawler - INFO - Found product URL: https://www.virgio.com/products/9to9-cotton-flared-pants
2025-03-30 14:31:38,859 - ecommerce_crawler - INFO - Found product URL: https://www.virgio.com/products/9to9-cotton-wide-high-pants
2025-03-30 14:31:38,859 - ecommerce_crawler - INFO - Found product URL: https://www.virgio.com/products/sun-kissed-floral-bodycon-dress
2025-03-30 14:31:38,859 - ecommerce_crawler - INFO - Found product URL: https://www.virgio.com/products/cinch-n-vibe-geo-print-dress-with-pockets
2025-03-30 14:31:38,860 - ecommerce_crawler - INFO - Found product URL: https://www.virgio.com/products/sweetheart-blue-belle-dress
2025-03-30 14:31:38,860 - ecommerce_crawler - INFO - Found product URL: https://www.virgio.com/products/mustard-muse-crossed-strap-elegance
2025-03-30 14:31:38,860 - ecommerce_crawler - INFO - Found product URL: https://www.virgio.com/products/dramatic-floral-twist-with-pockets
2025-03-30 14:31:38,860 - ecommerce_crawler - INFO - Found product URL: https://www.virgio.com/products/red-v-neck-elegance-with-pockets
2025-03-30 14:31:38,861 - ecommerce_crawler - INFO - Found product URL: https://www.virgio.com/products/floral-flare-collar-mini-dress
2025-03-30 14:31:38,861 - ecommerce_crawler - INFO - Found product URL: https://www.virgio.com/products/moonlit-ruffles-pleated-puff-dress-with-pockets
2025-03-30 14:31:38,861 - ecommerce_crawler - INFO - Found product URL: https://www.virgio.com/products/viscose-petal-pusher-midi-dress-with-pockets
2025-03-30 14:31:38,862 - ecommerce_crawler - INFO - Found product URL: https://www.virgio.com/products/tropical-oasis-wrap-dress
2025-03-30 14:31:38,862 - ecommerce_crawler - INFO - Found product URL: https://www.virgio.com/products/frill-flare-midi-dress-with-pockets
2025-03-30 14:31:38,863 - ecommerce_crawler - INFO - Found product URL: https://www.virgio.com/products/midnight-bloom-overlap-dress
2025-03-30 14:31:38,863 - ecommerce_crawler - INFO - Found product URL: https://www.virgio.com/products/cherry-charm-overlap-v-dress-with-pockets
2025-03-30 14:31:38,864 - ecommerce_crawler - INFO - Found product URL: https://www.virgio.com/products/taupe-temptation-front-draped-dress
2025-03-30 14:31:38,864 - ecommerce_crawler - INFO - Found product URL: https://www.virgio.com/products/gingham-glamour-mini-dress-with-pockets
2025-03-30 14:31:38,864 - ecommerce_crawler - INFO - Found product URL: https://www.virgio.com/products/chic-block-print-shirt-dress-with-pockets
2025-03-30 14:31:38,865 - ecommerce_crawler - INFO - Found product URL: https://www.virgio.com/products/black-floral-frill-dress-with-pockets
2025-03-30 14:31:38,865 - ecommerce_crawler - INFO - Found product URL: https://www.virgio.com/products/sleek-black-draped-shirt-dress
2025-03-30 14:31:38,866 - ecommerce_crawler - INFO - Found product URL: https://www.virgio.com/products/red-rose-criss-cross-chic-dress
2025-03-30 14:31:38,866 - ecommerce_crawler - INFO - Found product URL: https://www.virgio.com/products/multicolored-meadow-smocked-floral-dress
2025-03-30 14:31:38,867 - ecommerce_crawler - INFO - Found product URL: https://www.virgio.com/products/chic-polka-dot-serenade-maxi-dress
2025-03-30 14:31:38,867 - ecommerce_crawler - INFO - Found product URL: https://www.virgio.com/products/multihued-back-detail-mini-dress
2025-03-30 14:31:38,868 - ecommerce_crawler - INFO - Found product URL: https://www.virgio.com/products/schiffly-kaleidoscope-chic-dress
2025-03-30 14:31:53,761 - ecommerce_crawler - INFO - Found product URL: https://www.virgio.com/products/rose-revival-viscose-linen-shorts
2025-03-30 14:31:53,763 - ecommerce_crawler - INFO - Found product URL: https://www.virgio.com/products/utility-chic-comfy-cotton-cargo-bermudas
2025-03-30 14:31:53,764 - ecommerce_crawler - INFO - Found product URL: https://www.virgio.com/products/rose-revival-recycled-poly-mini-shorts
2025-03-30 14:31:53,765 - ecommerce_crawler - INFO - Found product URL: https://www.virgio.com/products/rose-revival-recycled-poly-printed-shorts
2025-03-30 14:31:53,766 - ecommerce_crawler - INFO - Found product URL: https://www.virgio.com/products/rose-revival-viscose-floral-shorts
2025-03-30 14:31:53,767 - ecommerce_crawler - INFO - Found product URL: https://www.virgio.com/products/rose-revival-viscose-linen-blue-shorts
2025-03-30 14:31:53,767 - ecommerce_crawler - INFO - Found product URL: https://www.virgio.com/products/retro-cotton-mini-wrap-skort
2025-03-30 14:31:53,768 - ecommerce_crawler - INFO - Found product URL: https://www.virgio.com/products/poppy-poplin-cotton-floral-mini-shorts
2025-03-30 14:31:53,769 - ecommerce_crawler - INFO - Found product URL: https://www.virgio.com/products/tranquil-checks-cotton-gingham-mini-short
2025-03-30 14:31:53,769 - ecommerce_crawler - INFO - Found product URL: https://www.virgio.com/products/poppy-poplin-airy-cotton-mini-shorts
2025-03-30 14:31:53,770 - ecommerce_crawler - INFO - Found product URL: https://www.virgio.com/products/9to9-rescued-poly-black-shorts
2025-03-30 14:31:53,770 - ecommerce_crawler - INFO - Found product URL: https://www.virgio.com/products/9to9-rescued-poly-grey-skorts
2025-03-30 14:31:53,771 - ecommerce_crawler - INFO - Found product URL: https://www.virgio.com/products/9to9-rescued-poly-grey-shorts
2025-03-30 14:31:53,771 - ecommerce_crawler - INFO - Found product URL: https://www.virgio.com/products/9to9-rescued-poly-brown-shorts
2025-03-30 14:31:53,771 - ecommerce_crawler - INFO - Found product URL: https://www.virgio.com/products/denim-daze-hit2-denim-skorts-with-slit
2025-03-30 14:31:53,772 - ecommerce_crawler - INFO - Found product URL: https://www.virgio.com/products/nubohem-comfy-cotton-regular-mini-shorts
2025-03-30 14:31:53,772 - ecommerce_crawler - INFO - Found product URL: https://www.virgio.com/products/vintage-vogue-teal-printed-bralette
2025-03-30 14:31:53,773 - ecommerce_crawler - INFO - Found product URL: https://www.virgio.com/products/rose-revival-viscose-front-knotted-top
2025-03-30 14:31:53,773 - ecommerce_crawler - INFO - Found product URL: https://www.virgio.com/products/rose-revival-cotton-floral-crop-top
2025-03-30 14:31:53,775 - ecommerce_crawler - INFO - Found product URL: https://www.virgio.com/products/rose-revival-recycled-poly-corset-top
2025-03-30 14:31:53,775 - ecommerce_crawler - INFO - Found product URL: https://www.virgio.com/products/rose-revival-recycled-poly-v-neck-top
2025-03-30 14:31:53,775 - ecommerce_crawler - INFO - Found product URL: https://www.virgio.com/products/rose-revival-recycled-poly-floral-top
2025-03-30 14:31:53,776 - ecommerce_crawler - INFO - Found product URL: https://www.virgio.com/products/rose-revival-viscose-gathered-top
2025-03-30 14:31:53,776 - ecommerce_crawler - INFO - Found product URL: https://www.virgio.com/products/youth-linen-cotton-puff-sleeve-top
2025-03-30 14:31:53,777 - ecommerce_crawler - INFO - Found product URL: https://www.virgio.com/products/soft-romance-black-bow-knot-tie-up-top
2025-03-30 14:31:53,777 - ecommerce_crawler - INFO - Found product URL: https://www.virgio.com/products/soft-romance-ribbed-lace-trim-t-shirt
2025-03-30 14:31:53,778 - ecommerce_crawler - INFO - Found product URL: https://www.virgio.com/products/soft-romance-cupid-graphic-cutout-t-shirt
2025-03-30 14:31:53,779 - ecommerce_crawler - INFO - Found product URL: https://www.virgio.com/products/soft-romance-heart-printed-tank-top
2025-03-30 14:31:53,780 - ecommerce_crawler - INFO - Found product URL: https://www.virgio.com/products/soft-romance-smocked-peplum-top-with-bow
2025-03-30 14:31:53,781 - ecommerce_crawler - INFO - Found product URL: https://www.virgio.com/products/autumn-pop-abstract-floral-strappy-top
2025-03-30 14:31:53,781 - ecommerce_crawler - INFO - Found product URL: https://www.virgio.com/products/autumn-pop-floral-regular-strappy-top
2025-03-30 14:31:53,781 - ecommerce_crawler - INFO - Found product URL: https://www.virgio.com/products/pantone-peplum-top-with-tie-detail
2025-03-30 14:31:53,782 - ecommerce_crawler - INFO - Found product URL: https://www.virgio.com/products/work-wear-china-blue-square-neck-layer-top
2025-03-30 14:31:53,782 - ecommerce_crawler - INFO - Found product URL: https://www.virgio.com/products/vintage-vogue-flared-midi-skirt
2025-03-30 14:31:53,782 - ecommerce_crawler - INFO - Found product URL: https://www.virgio.com/products/vintage-vogue-skirt-with-tie-up-at-slit
2025-03-30 14:32:11,275 - ecommerce_crawler - INFO - Found product URL: https://www.virgio.com/products/rose-revival-viscose-side-slit-skirt
2025-03-30 14:32:11,277 - ecommerce_crawler - INFO - Found product URL: https://www.virgio.com/products/posh-in-polka-viscose-tiered-skirt
2025-03-30 14:32:11,278 - ecommerce_crawler - INFO - Found product URL: https://www.virgio.com/products/perfect-match-sublime-cotton-midi-skirt
2025-03-30 14:32:11,278 - ecommerce_crawler - INFO - Found product URL: https://www.virgio.com/products/denim-daze-hit3-dark-blue-wrap-mini-skirt
2025-03-30 14:32:11,279 - ecommerce_crawler - INFO - Found product URL: https://www.virgio.com/products/9to9-satin-pleated-midi-skirt
2025-03-30 14:32:11,280 - ecommerce_crawler - INFO - Found product URL: https://www.virgio.com/products/rose-revival-cotton-floral-mini-skirt
2025-03-30 14:32:11,281 - ecommerce_crawler - INFO - Found product URL: https://www.virgio.com/products/denim-daze-hit2-denim-skirt-with-raw-edges
2025-03-30 14:32:11,281 - ecommerce_crawler - INFO - Found product URL: https://www.virgio.com/products/versatile-moss-crepe-fit-flare-skirt
2025-03-30 14:32:11,282 - ecommerce_crawler - INFO - Found product URL: https://www.virgio.com/products/ss24-flirty-cotton-ruffle-mini-skirt
2025-03-30 14:32:11,282 - ecommerce_crawler - INFO - Found product URL: https://www.virgio.com/products/utility-chic-sleek-cotton-flared-skirt
2025-03-30 14:32:11,282 - ecommerce_crawler - INFO - Found product URL: https://www.virgio.com/products/ss24-versatile-ruched-front-viscose-skirt
2025-03-30 14:32:11,283 - ecommerce_crawler - INFO - Found product URL: https://www.virgio.com/products/nubohem-comfy-cotton-tiered-high-low-skirt
2025-03-30 14:32:11,283 - ecommerce_crawler - INFO - Found product URL: https://www.virgio.com/products/linenluxe-chic-a-line-skirt
2025-03-30 14:32:11,283 - ecommerce_crawler - INFO - Found product URL: https://www.virgio.com/products/brightlinen-glam-viscose-linen-skirt
2025-03-30 14:32:11,284 - ecommerce_crawler - INFO - Found product URL: https://www.virgio.com/products/posh-in-polka-cotton-polka-crop-top
2025-03-30 14:32:11,284 - ecommerce_crawler - INFO - Found product URL: https://www.virgio.com/products/elevated-essential-h1-plush-knit-fitted-top?_pos=1&_psq=Plush%20Knit%20Fitted%20Top&_ss=e&_v=1.0
2025-03-30 14:32:11,285 - ecommerce_crawler - INFO - Found product URL: https://www.virgio.com/products/versatile-lycra-satin-floral-bomber-jacket
2025-03-30 14:32:11,285 - ecommerce_crawler - INFO - Found product URL: https://www.virgio.com/products/perfect-match-cotton-drill-slit-skirt?_pos=2&_psq=%20drill%20skirt&_ss=e&_v=1.0
2025-03-30 14:32:11,285 - ecommerce_crawler - INFO - Found product URL: https://www.virgio.com/products/nubohem-chic-cotton-boxy-shirt-with-scallop-hem?_pos=2&_psq=Broderie%20Anglais%20shirt&_ss=e&_v=1.0
2025-03-30 14:32:11,287 - ecommerce_crawler - INFO - Found product URL: https://www.virgio.com/products/work-wear-china-waist-gathered-midi-dress
2025-03-30 14:32:11,287 - ecommerce_crawler - INFO - Found product URL: https://www.virgio.com/products/youth-linen-cotton-lace-floral-dress
2025-03-30 14:32:11,287 - ecommerce_crawler - INFO - Found product URL: https://www.virgio.com/products/day-dress-hit2-viscose-floral-print-dress
2025-03-30 14:32:11,287 - ecommerce_crawler - INFO - Found product URL: https://www.virgio.com/products/youth-linen-cotton-scallop-midi-dress
2025-03-30 14:32:11,288 - ecommerce_crawler - INFO - Found product URL: https://www.virgio.com/products/youth-linen-linen-printed-midi-dress
2025-03-30 14:32:11,288 - ecommerce_crawler - INFO - Found product URL: https://www.virgio.com/products/rose-revival-recycled-poly-floral-dress
2025-03-30 14:32:11,289 - ecommerce_crawler - INFO - Found product URL: https://www.virgio.com/products/tailored-elegance-maxi-dress-with-back-cutout
2025-03-30 14:32:11,289 - ecommerce_crawler - INFO - Found product URL: https://www.virgio.com/products/9to9-cotton-smocking-top
2025-03-30 14:32:11,291 - ecommerce_crawler - INFO - Found product URL: https://www.virgio.com/products/tailored-elegance-black-puff-sleeve-mini-dress
2025-03-30 14:32:11,293 - ecommerce_crawler - INFO - Found product URL: https://www.virgio.com/products/rose-revival-viscose-strappy-dress
2025-03-30 14:32:11,293 - ecommerce_crawler - INFO - Found product URL: https://www.virgio.com/products/tailored-elegance-off-shoulder-striped-dress
2025-03-30 14:32:11,294 - ecommerce_crawler - INFO - Found product URL: https://www.virgio.com/products/9to9-rescued-poly-grey-vest
2025-03-30 14:32:11,294 - ecommerce_crawler - INFO - Found product URL: https://www.virgio.com/products/9to9-rescued-poly-draped-dress
2025-03-30 14:32:27,197 - ecommerce_crawler - INFO - Found product URL: https://www.virgio.com/products/9to9-rescued-poly-pleated-skirt
2025-03-30 14:32:27,198 - ecommerce_crawler - INFO - Found product URL: https://www.virgio.com/products/work-wear-china-beige-jail-stripe-blazer
2025-03-30 14:32:27,200 - ecommerce_crawler - INFO - Found product URL: https://www.virgio.com/products/reworked-crop-breathable-cotton-cami-top-with-frills
2025-03-30 14:32:27,201 - ecommerce_crawler - INFO - Found product URL: https://www.virgio.com/products/posh-in-polka-cotton-puff-sleeve-top
2025-03-30 14:32:27,201 - ecommerce_crawler - INFO - Found product URL: https://www.virgio.com/products/smocking-hot-hit2-cotton-dress-with-smocking
2025-03-30 14:32:27,202 - ecommerce_crawler - INFO - Found product URL: https://www.virgio.com/products/chic-lycra-satin-bustier-top
2025-03-30 14:32:27,202 - ecommerce_crawler - INFO - Found product URL: https://www.virgio.com/products/elevated-essential-h1-playful-knit-crop-t-shirt
2025-03-30 14:32:27,202 - ecommerce_crawler - INFO - Found product URL: https://www.virgio.com/products/perfect-match-cotton-front-tie-top
2025-03-30 14:32:27,203 - ecommerce_crawler - INFO - Found product URL: https://www.virgio.com/products/posh-in-polka-cotton-mini-skirt-with-bow
2025-03-30 14:32:27,203 - ecommerce_crawler - INFO - Found product URL: https://www.virgio.com/products/smocking-hot-hit2-poplin-smocking-shirt
2025-03-30 14:32:27,204 - ecommerce_crawler - INFO - Found product URL: https://www.virgio.com/products/posh-in-polka-cotton-full-puff-sleeve-top
2025-03-30 14:32:27,204 - ecommerce_crawler - INFO - Found product URL: https://www.virgio.com/products/posh-in-polka-cotton-satin-dress-with-bow
2025-03-30 14:32:27,204 - ecommerce_crawler - INFO - Found product URL: https://www.virgio.com/products/retro-cotton-gingham-top
2025-03-30 14:32:27,204 - ecommerce_crawler - INFO - Found product URL: https://www.virgio.com/products/flatknits-simco-cotton-white-tank-top
2025-03-30 14:32:27,205 - ecommerce_crawler - INFO - Found product URL: https://www.virgio.com/products/veronicas-breathable-cotton-checked-shirt
2025-03-30 14:32:27,205 - ecommerce_crawler - INFO - Found product URL: https://www.virgio.com/products/veronicas-chic-cotton-floral-top
2025-03-30 14:32:27,205 - ecommerce_crawler - INFO - Found product URL: https://www.virgio.com/products/veronicas-glam-cotton-checked-skirt
2025-03-30 14:32:27,206 - ecommerce_crawler - INFO - Found product URL: https://www.virgio.com/products/veronicas-soft-cotton-crop-shirt
2025-03-30 14:32:27,206 - ecommerce_crawler - INFO - Found product URL: https://www.virgio.com/products/veronicas-chic-cotton-checked-top
2025-03-30 14:32:27,206 - ecommerce_crawler - INFO - Found product URL: https://www.virgio.com/products/veronicas-vintage-cotton-checked-crop-top
2025-03-30 14:32:27,207 - ecommerce_crawler - INFO - Found product URL: https://www.virgio.com/products/elevated-essential-h1-bold-knit-sleeveless-top
2025-03-30 14:32:27,207 - ecommerce_crawler - INFO - Found product URL: https://www.virgio.com/products/elevated-essential-h1-plush-knit-fitted-top
2025-03-30 14:32:27,208 - ecommerce_crawler - INFO - Found product URL: https://www.virgio.com/products/reworked-cropped-boxy-shirt
2025-03-30 14:32:27,208 - ecommerce_crawler - INFO - Found product URL: https://www.virgio.com/products/reworked-chic-cotton-mini-skirt-with-front-tie-up
2025-03-30 14:32:27,208 - ecommerce_crawler - INFO - Found product URL: https://www.virgio.com/products/ss24-breathable-cotton-button-down-shirt
2025-03-30 14:32:27,209 - ecommerce_crawler - INFO - Found product URL: https://www.virgio.com/products/denim-daze-hit2-denim-midi-slit-skirt
2025-03-30 14:32:27,210 - ecommerce_crawler - INFO - Found product URL: https://www.virgio.com/products/denimdaze-sultry-denim-mini-skirt
2025-03-30 14:32:27,210 - ecommerce_crawler - INFO - Found product URL: https://www.virgio.com/products/denimdaze-chic-denim-skirt-with-slit
2025-03-30 14:32:27,210 - ecommerce_crawler - INFO - Found product URL: https://www.virgio.com/products/denim-daze-hit2-denim-bubble-mini-skirt
2025-03-30 14:32:27,211 - ecommerce_crawler - INFO - Found product URL: https://www.virgio.com/products/denimdaze-cool-denim-skirt-with-slit
2025-03-30 14:32:27,211 - ecommerce_crawler - INFO - Found product URL: https://www.virgio.com/products/denim-daze-hit2-denim-fit-flare-skirt
2025-03-30 14:32:27,212 - ecommerce_crawler - INFO - Found product URL: https://www.virgio.com/products/denimdaze-stylish-denim-mini-skirt
2025-03-30 14:32:27,212 - ecommerce_crawler - INFO - Found product URL: https://www.virgio.com/products/denim-daze-hit2-denim-bubble-mini-skirt?_pos=2&_psq=bubble%20skirt%20&_ss=e&_v=1.0
2025-03-30 14:32:27,213 - ecommerce_crawler - INFO - Found product URL: https://www.virgio.com/products/nubohem-versatile-cotton-boxy-shirt-with-scallop-hem
2025-03-30 14:32:44,842 - ecommerce_crawler - INFO - Found product URL: https://www.virgio.com/products/linenluxe-front-twist-crop-top
2025-03-30 14:32:44,843 - ecommerce_crawler - INFO - Found product URL: https://www.virgio.com/products/nubohem-versatile-cotton-cowl-sleeve-mini-dress?_pos=1&_psq=carleen%20&_ss=e&_v=1.0
2025-03-30 14:32:44,845 - ecommerce_crawler - INFO - Found product URL: https://www.virgio.com/products/fit-and-flare-square-neck-schiffili-dress
2025-03-30 14:32:44,847 - ecommerce_crawler - INFO - Found product URL: https://www.virgio.com/products/chic-serenade1-cotton-voluminous-dress
2025-03-30 14:32:44,847 - ecommerce_crawler - INFO - Found product URL: https://www.virgio.com/products/cottonon-blaine-waist-detail-midi-dress
2025-03-30 14:32:44,848 - ecommerce_crawler - INFO - Found product URL: https://www.virgio.com/products/floral-chic-lycra-satin-floral-dress
2025-03-30 14:32:44,848 - ecommerce_crawler - INFO - Found product URL: https://www.virgio.com/products/reworked-pleated-skirt
2025-03-30 14:32:44,849 - ecommerce_crawler - INFO - Found product URL: https://www.virgio.com/products/lace-up-petal-mini-dress?_pos=5&_psq=lace%20dress&_ss=e&_v=1.0
2025-03-30 14:32:44,849 - ecommerce_crawler - INFO - Found product URL: https://www.virgio.com/products/denimdaze-effortless-denim-jacket
2025-03-30 14:32:44,849 - ecommerce_crawler - INFO - Found product URL: https://www.virgio.com/products/denimdaze-distressed-boyfriend-jeans
2025-03-30 14:32:44,850 - ecommerce_crawler - INFO - Found product URL: https://www.virgio.com/products/veronicas-chic-cotton-front-tie-up-shirt
2025-03-30 14:32:44,850 - ecommerce_crawler - INFO - Found product URL: https://www.virgio.com/products/perfect-match-ruched-cotton-top
2025-03-30 14:32:44,851 - ecommerce_crawler - INFO - Found product URL: https://www.virgio.com/products/denimdaze-comfy-denim-box-fit-shirt
2025-03-30 14:32:44,851 - ecommerce_crawler - INFO - Found product URL: https://www.virgio.com/products/nubohem-chic-cotton-embroidered-mini-skirt
2025-03-30 14:32:44,852 - ecommerce_crawler - INFO - Found product URL: https://www.virgio.com/products/veronicas-chic-cotton-pleated-skirt
2025-03-30 14:32:44,852 - ecommerce_crawler - INFO - Found product URL: https://www.virgio.com/products/ss24-sleek-viscose-striped-midi-skirt
2025-03-30 14:32:44,854 - ecommerce_crawler - INFO - Found product URL: https://www.virgio.com/products/nubohem-sleek-cotton-straight-mini-skirt
2025-03-30 14:32:44,854 - ecommerce_crawler - INFO - Found product URL: https://www.virgio.com/products/glam-cotton-striped-ruched-skirt?_pos=10&_psq=skirts&_ss=e&_v=1.0
2025-03-30 14:32:44,855 - ecommerce_crawler - INFO - Found product URL: https://www.virgio.com/products/upcycle-floral-wrap-skirt
2025-03-30 14:32:44,856 - ecommerce_crawler - INFO - Found product URL: https://www.virgio.com/products/utility-chic-chic-cotton-flared-skirt
2025-03-30 14:32:44,856 - ecommerce_crawler - INFO - Found product URL: https://www.virgio.com/products/date-classy-black-lycra-satin-skirt
2025-03-30 14:32:44,860 - ecommerce_crawler - INFO - Found product URL: https://www.virgio.com/products/utility-chic-stylish-cotton-midi-skirt
2025-03-30 14:32:44,860 - ecommerce_crawler - INFO - Found product URL: https://www.virgio.com/products/nubohem-breathable-cotton-tiered-skirt-with-smocked-waist?_pos=1&_psq=Tiered%20Skirt&_ss=e&_v=1.0
2025-03-30 14:32:44,862 - ecommerce_crawler - INFO - Found product URL: https://www.virgio.com/products/reworked-panneled-stripe-shirt
2025-03-30 14:32:44,862 - ecommerce_crawler - INFO - Found product URL: https://www.virgio.com/products/linenluxe-sleek-cotton-sleeveless-top
2025-03-30 14:32:58,600 - ecommerce_crawler - INFO - Found product URL: https://www.virgio.com/products/linenluxe-navy-blue-wrap-top
2025-03-30 14:32:58,602 - ecommerce_crawler - INFO - Found product URL: https://www.virgio.com/products/nubohem-airy-cotton-a-line-top-with-lace-detail
2025-03-30 14:32:58,603 - ecommerce_crawler - INFO - Found product URL: https://www.virgio.com/products/reworked-crop-top-with-tieup-detail-at-waist
2025-03-30 14:32:58,606 - ecommerce_crawler - INFO - Found product URL: https://www.virgio.com/products/glam-lycra-satin-floral-shorts
2025-03-30 14:32:58,607 - ecommerce_crawler - INFO - Found product URL: https://www.virgio.com/products/utility-chic-easy-cotton-cargo-bermudas
2025-03-30 14:32:58,607 - ecommerce_crawler - INFO - Found product URL: https://www.virgio.com/products/elevated-essentials-glam-poly-blend-high-waist-shorts
2025-03-30 14:32:58,608 - ecommerce_crawler - INFO - Found product URL: https://www.virgio.com/products/elevated-essential-h1-easy-knit-regular-t-shirt
2025-03-30 14:32:58,608 - ecommerce_crawler - INFO - Found product URL: https://www.virgio.com/products/reworked-chic-lycra-solid-shorts-with-slant-pockets
2025-03-30 14:32:58,609 - ecommerce_crawler - INFO - Found product URL: https://www.virgio.com/products/linenluxe-comfy-relaxed-shorts
2025-03-30 14:32:58,609 - ecommerce_crawler - INFO - Found product URL: https://www.virgio.com/products/ss24-sleek-cotton-paper-bag-shorts-with-slant-pockets
2025-03-30 14:32:58,609 - ecommerce_crawler - INFO - Found product URL: https://www.virgio.com/products/ss24-classy-cotton-cropped-shirt-and-shorts-coord-set
2025-03-30 14:32:58,611 - ecommerce_crawler - INFO - Found product URL: https://www.virgio.com/products/elevated-essentials-sleek-poly-blend-high-waist-shorts
2025-03-30 14:32:58,612 - ecommerce_crawler - INFO - Found product URL: https://www.virgio.com/products/elevated-essentials-versatile-poly-blend-high-waist-shorts
2025-03-30 14:32:58,614 - ecommerce_crawler - INFO - Found product URL: https://www.virgio.com/products/denim-daze-hit2-denim-low-rise-pants
2025-03-30 14:32:58,614 - ecommerce_crawler - INFO - Found product URL: https://www.virgio.com/products/elevated-essential-h1-cool-knit-boxy-t-shirt
2025-03-30 14:32:58,615 - ecommerce_crawler - INFO - Found product URL: https://www.virgio.com/products/veronicas-flowy-viscose-floral-midi-dress
2025-03-30 14:32:58,615 - ecommerce_crawler - INFO - Found product URL: https://www.virgio.com/products/veronicas-airy-viscose-solid-blue-shirt
2025-03-30 14:32:58,616 - ecommerce_crawler - INFO - Found product URL: https://www.virgio.com/products/veronicas-chic-cotton-front-open-sleeveless-dress
2025-03-30 14:32:58,616 - ecommerce_crawler - INFO - Found product URL: https://www.virgio.com/products/veronicas-airy-viscose-solid-white-shirt
2025-03-30 14:32:58,617 - ecommerce_crawler - INFO - Found product URL: https://www.virgio.com/products/denimdaze-relax-fit-denim-jacket
2025-03-30 14:32:58,617 - ecommerce_crawler - INFO - Found product URL: https://www.virgio.com/products/denimdaze-edgy-denim-crop-jacket
2025-03-30 14:32:58,617 - ecommerce_crawler - INFO - Found product URL: https://www.virgio.com/products/ss24-cool-cotton-jacket-with-adjustable-waist
2025-03-30 14:32:58,618 - ecommerce_crawler - INFO - Found product URL: https://www.virgio.com/products/reworked-shirt-with-tieup-detail-at-waist
2025-03-30 14:32:58,618 - ecommerce_crawler - INFO - Found product URL: https://www.virgio.com/products/ss24-structured-cotton-shirt-with-oversized-collar
2025-03-30 14:32:58,618 - ecommerce_crawler - INFO - Found product URL: https://www.virgio.com/products/elevated-essentials-chic-straight-leg-trousers-with-front-pockets
2025-03-30 14:32:58,619 - ecommerce_crawler - INFO - Found product URL: https://www.virgio.com/products/date-comfy-lycra-satin-black-shirt?_pos=3&_psq=satin%20&_ss=e&_v=1.0
2025-03-30 14:33:17,976 - ecommerce_crawler - INFO - Found product URL: https://www.virgio.com/products/upcycle-polka-dot-ruffle-set
2025-03-30 14:33:17,976 - ecommerce_crawler - INFO - Found product URL: https://www.virgio.com/products/upcycle-statement-bandeau-top
2025-03-30 14:33:17,976 - ecommerce_crawler - INFO - Found product URL: https://www.virgio.com/products/upcycle-floral-wrap-set
2025-03-30 14:33:17,976 - ecommerce_crawler - INFO - Found product URL: https://www.virgio.com/products/upcycle-baby-blue-printed-co-ord-set
2025-03-30 14:33:17,976 - ecommerce_crawler - INFO - Found product URL: https://www.virgio.com/products/utility-chic-cool-cotton-cargo-pants
2025-03-30 14:33:17,976 - ecommerce_crawler - INFO - Found product URL: https://www.virgio.com/products/utility-chic-soft-cotton-parachute-pants
2025-03-30 14:33:17,976 - ecommerce_crawler - INFO - Found product URL: https://www.virgio.com/products/elevated-essentials-comfy-wide-leg-trouser
2025-03-30 14:33:17,976 - ecommerce_crawler - INFO - Found product URL: https://www.virgio.com/products/linenluxe-airy-flared-pants
2025-03-30 14:33:17,976 - ecommerce_crawler - INFO - Found product URL: https://www.virgio.com/products/linenluxe-breathable-straight-pants
2025-03-30 14:33:17,976 - ecommerce_crawler - INFO - Found product URL: https://www.virgio.com/products/linenluxe-comfy-relaxed-trousers
2025-03-30 14:33:17,976 - ecommerce_crawler - INFO - Found product URL: https://www.virgio.com/products/nubohem-classy-cotton-straight-leg-culottes
2025-03-30 14:33:17,976 - ecommerce_crawler - INFO - Found product URL: https://www.virgio.com/products/floral-embroidered-mini-dress-with-puff-sleeves
2025-03-30 14:33:17,976 - ecommerce_crawler - INFO - Found product URL: https://www.virgio.com/products/fit-and-flare-dress-with-blouson-sleeve
2025-03-30 14:33:17,976 - ecommerce_crawler - INFO - Found product URL: https://www.virgio.com/products/slub-chic-embroidery-dress
2025-03-30 14:33:17,976 - ecommerce_crawler - INFO - Found product URL: https://www.virgio.com/products/belted-schiffli-dress-with-puff-sleeves
2025-03-30 14:33:17,976 - ecommerce_crawler - INFO - Found product URL: https://www.virgio.com/products/red-checkered-midi-wrap-dress-with-pockets
2025-03-30 14:33:17,976 - ecommerce_crawler - INFO - Found product URL: https://www.virgio.com/products/polka-dot-serenade-fantasy-with-pockets
2025-03-30 14:33:17,976 - ecommerce_crawler - INFO - Found product URL: https://www.virgio.com/products/reworked-stripe-shirt-with-high-low-hem
2025-03-30 14:33:17,992 - ecommerce_crawler - INFO - Found product URL: https://www.virgio.com/products/ss24-airy-cotton-straight-pants-with-pockets
2025-03-30 14:33:17,992 - ecommerce_crawler - INFO - Found product URL: https://www.virgio.com/products/classy-recycled-polyester-strappy-floral-dress
2025-03-30 14:33:17,992 - ecommerce_crawler - INFO - Found product URL: https://www.virgio.com/products/orange-bodycon-dress-with-corsage-sleeve
2025-03-30 14:33:17,992 - ecommerce_crawler - INFO - Found product URL: https://www.virgio.com/products/zesty-zinnia-lace-up-dress
2025-03-30 14:33:17,992 - ecommerce_crawler - INFO - Found product URL: https://www.virgio.com/products/blue-solid-midi-shirt-dress?_pos=1&_psq=Luxurious%20blue%20lyocell%20midi%20shirt%20dress&_ss=e&_v=1.0
2025-03-30 14:33:17,992 - ecommerce_crawler - INFO - Found product URL: https://www.virgio.com/products/nubohem-chic-cotton-fit-flare-dress-with-flutter-sleeves
2025-03-30 14:33:17,992 - ecommerce_crawler - INFO - Found product URL: https://www.virgio.com/products/abstract-aura-button-front-dress-wih-pockets
2025-03-30 14:33:17,992 - ecommerce_crawler - INFO - Found product URL: https://www.virgio.com/products/knot-so-average-shirt-dress
2025-03-30 14:33:17,992 - ecommerce_crawler - INFO - Found product URL: https://www.virgio.com/products/veronicas-sleek-cotton-front-tie-up-shirt
2025-03-30 14:33:32,301 - ecommerce_crawler - INFO - Found product URL: https://www.virgio.com/products/linenluxe-breathable-cotton-shirt
2025-03-30 14:33:32,302 - ecommerce_crawler - INFO - Found product URL: https://www.virgio.com/products/ss24-smart-cotton-cropped-shirt-with-tie-up-wais
2025-03-30 14:33:32,303 - ecommerce_crawler - INFO - Found product URL: https://www.virgio.com/products/ss24-comfy-cotton-pintucks-midi-dress
2025-03-30 14:33:32,304 - ecommerce_crawler - INFO - Found product URL: https://www.virgio.com/products/v-neck-dress-with-blouson-sleeves
2025-03-30 14:33:32,305 - ecommerce_crawler - INFO - Found product URL: https://www.virgio.com/products/elevated-essentials-classy-striped-cropped-denim-shirt
2025-03-30 14:33:32,305 - ecommerce_crawler - INFO - Found product URL: https://www.virgio.com/products/reworked-comfy-cotton-ankle-length-parachute-trousers
2025-03-30 14:33:32,306 - ecommerce_crawler - INFO - Found product URL: https://www.virgio.com/products/blushing-pink-shirt-dress
2025-03-30 14:33:32,307 - ecommerce_crawler - INFO - Found product URL: https://www.virgio.com/products/veronicas-sleek-cotton-checked-co-ords
2025-03-30 14:33:32,307 - ecommerce_crawler - INFO - Found product URL: https://www.virgio.com/products/veronicas-sleek-cotton-checked-top
2025-03-30 14:33:32,307 - ecommerce_crawler - INFO - Found product URL: https://www.virgio.com/products/veronicas-sleek-cotton-checked-skirt
2025-03-30 14:33:32,307 - ecommerce_crawler - INFO - Found product URL: https://www.virgio.com/products/moonlit-midnight-dress-with-pockets
2025-03-30 14:33:32,308 - ecommerce_crawler - INFO - Found product URL: https://www.virgio.com/products/mini-geo-print-wrap-dress
2025-03-30 14:33:32,308 - ecommerce_crawler - INFO - Found product URL: https://www.virgio.com/products/blushing-pink-shirt-dress?_pos=1&_psq=linen&_ss=e&_v=1.0
2025-03-30 14:33:32,308 - ecommerce_crawler - INFO - Found product URL: https://www.virgio.com/products/knot-so-average-shirt-dress?_pos=2&_psq=linen&_ss=e&_v=1.0
2025-03-30 14:33:32,309 - ecommerce_crawler - INFO - Found product URL: https://www.virgio.com/products/sultry-recycled-polyester-floral-top
2025-03-30 14:33:32,309 - ecommerce_crawler - INFO - Found product URL: https://www.virgio.com/products/floral-classy-recycled-polyester-strappy-floral-dress
2025-03-30 14:33:32,309 - ecommerce_crawler - INFO - Found product URL: https://www.virgio.com/products/nubohem-breathable-cotton-tube-dress-with-detachable-straps
2025-03-30 14:33:32,309 - ecommerce_crawler - INFO - Found product URL: https://www.virgio.com/products/ss24-elegant-cotton-pintucks-midi-dress
2025-03-30 14:33:32,310 - ecommerce_crawler - INFO - Found product URL: https://www.virgio.com/products/ss24-elegant-poly-moss-shoulder-tie-up-midi-dress
2025-03-30 14:33:32,310 - ecommerce_crawler - INFO - Found product URL: https://www.virgio.com/products/ss24-glam-viscose-strappy-a-line-dress
2025-03-30 14:33:32,310 - ecommerce_crawler - INFO - Found product URL: https://www.virgio.com/products/ruffle-trimmed-round-neck-sundress-with-pockets
2025-03-30 14:33:42,218 - ecommerce_crawler - INFO - Found product URL: https://www.virgio.com/products/floral-front-tie-up-dress-with-pockets
2025-03-30 14:33:42,219 - ecommerce_crawler - INFO - Found product URL: https://www.virgio.com/products/reworked-tier-dress-with-smocking-detail
2025-03-30 14:33:42,220 - ecommerce_crawler - INFO - Found product URL: https://www.virgio.com/products/nubohem-elegant-cotton-elasticated-waist-mini-dress
2025-03-30 14:33:42,221 - ecommerce_crawler - INFO - Found product URL: https://www.virgio.com/products/nubohem-cute-cotton-shoulder-tie-up-mini-dress
2025-03-30 14:33:42,222 - ecommerce_crawler - INFO - Found product URL: https://www.virgio.com/products/nubohem-versatile-cotton-cowl-sleeve-mini-dress
2025-03-30 14:33:42,223 - ecommerce_crawler - INFO - Found product URL: https://www.virgio.com/products/nubohem-gorgeous-cotton-tube-dress-with-detachable-straps
2025-03-30 14:33:42,224 - ecommerce_crawler - INFO - Found product URL: https://www.virgio.com/products/poplin-ditsy-sunshine-with-pockets
2025-03-30 14:33:42,224 - ecommerce_crawler - INFO - Found product URL: https://www.virgio.com/products/black-smocked-waist-fit-flare-dress
2025-03-30 14:33:42,224 - ecommerce_crawler - INFO - Found product URL: https://www.virgio.com/products/nubohem-stylish-cotton-crop-top-with-flared-skirt
2025-03-30 14:33:42,224 - ecommerce_crawler - INFO - Found product URL: https://www.virgio.com/products/pantone-strappy-mini-lace-dress
2025-03-30 14:33:42,224 - ecommerce_crawler - INFO - Found product URL: https://www.virgio.com/products/flat-knit-china-cotton-multicolour-knit-top
2025-03-30 14:33:42,225 - ecommerce_crawler - INFO - Found product URL: https://www.virgio.com/products/flat-knit-china-red-knit-strappy-crop-top
2025-03-30 14:33:42,225 - ecommerce_crawler - INFO - Found product URL: https://www.virgio.com/products/flat-knit-china-black-achromatic-strap-top
2025-03-30 14:33:42,225 - ecommerce_crawler - INFO - Found product URL: https://www.virgio.com/products/flat-knit-china-pink-crop-cotton-cardigan
2025-03-30 14:33:42,227 - ecommerce_crawler - INFO - Found product URL: https://www.virgio.com/products/flat-knit-china-cream-crop-cotton-cardigan
2025-03-30 14:33:42,227 - ecommerce_crawler - INFO - Found product URL: https://www.virgio.com/products/flat-knit-china-purple-achromatic-strap-top
2025-03-30 14:33:42,228 - ecommerce_crawler - INFO - Found product URL: https://www.virgio.com/products/flat-knit-china-strappy-square-neck-top
2025-03-30 14:33:42,228 - ecommerce_crawler - INFO - Found product URL: https://www.virgio.com/products/flat-knit-china-knitted-strappy-crop-top
2025-03-30 14:33:42,228 - ecommerce_crawler - INFO - Found product URL: https://www.virgio.com/products/utility-chic-jacket-black-utilitarian-shacket
2025-03-30 14:33:42,229 - ecommerce_crawler - INFO - Found product URL: https://www.virgio.com/products/utility-chic-jacket-cropped-trench-coat-cape
2025-03-30 14:33:42,229 - ecommerce_crawler - INFO - Found product URL: https://www.virgio.com/products/utility-chic-jacket-utility-jacket-with-flange
2025-03-30 14:33:42,229 - ecommerce_crawler - INFO - Found product URL: https://www.virgio.com/products/utility-chic-jacket-navy-blue-cropped-jacket
2025-03-30 14:33:42,229 - ecommerce_crawler - INFO - Found product URL: https://www.virgio.com/products/utility-chic-jacket-beige-cropped-trench-coat
2025-03-30 14:33:42,231 - ecommerce_crawler - INFO - Found product URL: https://www.virgio.com/products/light-winter-red-front-tie-top
2025-03-30 14:33:42,231 - ecommerce_crawler - INFO - Found product URL: https://www.virgio.com/products/light-winter-green-knit-raglan-sleeve-top
2025-03-30 14:33:42,232 - ecommerce_crawler - INFO - Found product URL: https://www.virgio.com/products/light-winter-front-open-tie-up-top
2025-03-30 14:33:42,232 - ecommerce_crawler - INFO - Found product URL: https://www.virgio.com/products/light-winter-v-neck-sleeveless-boxy-top
2025-03-30 14:33:42,233 - ecommerce_crawler - INFO - Found product URL: https://www.virgio.com/products/light-winter-green-full-sleeve-crop-top
2025-03-30 14:33:42,233 - ecommerce_crawler - INFO - Found product URL: https://www.virgio.com/products/artisans-aura-jaipur-hand-block-print-crop-top
2025-03-30 14:33:42,234 - ecommerce_crawler - INFO - Found product URL: https://www.virgio.com/products/artisans-aura-jaipur-hand-block-print-elasticated-waist-top
2025-03-30 14:33:42,234 - ecommerce_crawler - INFO - Found product URL: https://www.virgio.com/products/party-wear-black-embellished-midi-dress
2025-03-30 14:33:42,235 - ecommerce_crawler - INFO - Found product URL: https://www.virgio.com/products/party-wear-maroon-embellished-midi-dress
2025-03-30 14:33:42,235 - ecommerce_crawler - INFO - Found product URL: https://www.virgio.com/products/autumn-pop-purple-tie-detail-dress
2025-03-30 14:33:42,236 - ecommerce_crawler - INFO - Found product URL: https://www.virgio.com/products/academic-edge-hit1-off-shoulder-sweatshirt
2025-03-30 14:33:42,236 - ecommerce_crawler - INFO - Found product URL: https://www.virgio.com/products/academic-edge-hit1-cropped-boxy-pink-hoodie
2025-03-30 14:33:42,236 - ecommerce_crawler - INFO - Found product URL: https://www.virgio.com/products/autumn-pop-green-milkmaid-midi-dress
2025-03-30 14:33:42,237 - ecommerce_crawler - INFO - Found product URL: https://www.virgio.com/products/denim-daze-hit4-peplum-denim-cami-top
2025-03-30 14:33:58,844 - ecommerce_crawler - INFO - Found product URL: https://www.virgio.com/products/rose-revival-recycled-poly-pleated-dress
2025-03-30 14:33:58,844 - ecommerce_crawler - INFO - Found product URL: https://www.virgio.com/products/ric-rac-lace-lace-strap-tiered-dress
2025-03-30 14:33:58,844 - ecommerce_crawler - INFO - Found product URL: https://www.virgio.com/products/ric-rac-lace-black-strappy-dress
2025-03-30 14:33:58,844 - ecommerce_crawler - INFO - Found product URL: https://www.virgio.com/products/ric-rac-lace-strappy-maxi-dress
2025-03-30 14:33:58,844 - ecommerce_crawler - INFO - Found product URL: https://www.virgio.com/products/day-dress-hit2-viscose-strappy-dress
2025-03-30 14:33:58,844 - ecommerce_crawler - INFO - Found product URL: https://www.virgio.com/products/vintage-bloom-cotton-voluminous-maxi-dress
2025-03-30 14:33:58,844 - ecommerce_crawler - INFO - Found product URL: https://www.virgio.com/products/vintage-vogue-fit-flare-block-print-dress
2025-03-30 14:33:58,844 - ecommerce_crawler - INFO - Found product URL: https://www.virgio.com/products/vintage-vogue-waist-cut-out-midi-dress
2025-03-30 14:33:58,844 - ecommerce_crawler - INFO - Found product URL: https://www.virgio.com/products/vintage-vogue-teal-puff-sleeve-midi-dress
2025-03-30 14:33:58,844 - ecommerce_crawler - INFO - Found product URL: https://www.virgio.com/products/soft-romance-rose-applique-bodycon-dress
2025-03-30 14:33:58,844 - ecommerce_crawler - INFO - Found product URL: https://www.virgio.com/products/soft-romance-lace-v-neckline-mini-dress
2025-03-30 14:33:58,844 - ecommerce_crawler - INFO - Found product URL: https://www.virgio.com/products/soft-romance-black-balloon-skirt-dress
2025-03-30 14:33:58,851 - ecommerce_crawler - INFO - Found product URL: https://www.virgio.com/products/pantone-lace-detail-bubble-hem-dress
2025-03-30 14:33:58,851 - ecommerce_crawler - INFO - Found product URL: https://www.virgio.com/products/ss24-soft-viscose-floral-coord-set
2025-03-30 14:33:58,851 - ecommerce_crawler - INFO - Found product URL: https://www.virgio.com/products/sultry-recycled-polyester-floral-co-ord-set
2025-03-30 14:33:58,851 - ecommerce_crawler - INFO - Found product URL: https://www.virgio.com/products/glam-lycra-satin-floral-co-ord-set
2025-03-30 14:33:58,851 - ecommerce_crawler - INFO - Found product URL: https://www.virgio.com/products/glam-lycra-satin-co-ord-set
2025-03-30 14:33:58,851 - ecommerce_crawler - INFO - Found product URL: https://www.virgio.com/products/veronicas-vintage-cotton-checked-co-ords
2025-03-30 14:33:58,851 - ecommerce_crawler - INFO - Found product URL: https://www.virgio.com/products/veronicas-comfy-cotton-checked-co-ords
2025-03-30 14:33:58,851 - ecommerce_crawler - INFO - Found product URL: https://www.virgio.com/products/veronicas-breezy-cotton-checked-co-ords
2025-03-30 14:33:58,854 - ecommerce_crawler - INFO - Found product URL: https://www.virgio.com/products/linenluxe-wrap-top-flared-pant
2025-03-30 14:33:58,854 - ecommerce_crawler - INFO - Found product URL: https://www.virgio.com/products/linenluxe-chic-floral-co-ord-set
2025-03-30 14:33:58,854 - ecommerce_crawler - INFO - Found product URL: https://www.virgio.com/products/utility-chic-classy-cotton-co-ord-set
2025-03-30 14:33:58,854 - ecommerce_crawler - INFO - Found product URL: https://www.virgio.com/products/utility-chic-cotton-camo-co-ord-set
2025-03-30 14:33:58,854 - ecommerce_crawler - INFO - Found product URL: https://www.virgio.com/products/upcycle-blue-waist-coat-co-ord-set
2025-03-30 14:33:58,854 - ecommerce_crawler - INFO - Found product URL: https://www.virgio.com/products/nubohem-airy-cotton-puff-sleeve-crop-top-with-maxi-skirt
2025-03-30 14:33:58,854 - ecommerce_crawler - INFO - Found product URL: https://www.virgio.com/products/ss24-comfy-cotton-straight-pants-and-sleeveless-top-coord-set
2025-03-30 14:33:58,854 - ecommerce_crawler - INFO - Found product URL: https://www.virgio.com/products/milanka-sleek-solid-cotton-co-ords
2025-03-30 14:33:58,854 - ecommerce_crawler - INFO - Found product URL: https://www.virgio.com/products/chic-lycra-satin-floral-co-ord-set
2025-03-30 14:33:58,857 - ecommerce_crawler - INFO - Found product URL: https://www.virgio.com/products/rose-revival-denim-flared-trousers
2025-03-30 14:34:14,320 - ecommerce_crawler - INFO - Found product URL: https://www.virgio.com/products/rose-revival-cotton-front-pleated-jeans
2025-03-30 14:34:14,321 - ecommerce_crawler - INFO - Found product URL: https://www.virgio.com/products/rose-revival-viscose-knotted-wrap-pants
2025-03-30 14:34:14,323 - ecommerce_crawler - INFO - Found product URL: https://www.virgio.com/products/rose-revival-viscose-overlap-wrap-pants
2025-03-30 14:34:14,325 - ecommerce_crawler - INFO - Found product URL: https://www.virgio.com/products/rose-revival-olive-flared-denims
2025-03-30 14:34:14,327 - ecommerce_crawler - INFO - Found product URL: https://www.virgio.com/products/rose-revival-cotton-flared-pleated-jeans
2025-03-30 14:34:14,329 - ecommerce_crawler - INFO - Found product URL: https://www.virgio.com/products/9to9-rescued-poly-checked-pants
2025-03-30 14:34:14,330 - ecommerce_crawler - INFO - Found product URL: https://www.virgio.com/products/9to9-rescued-poly-grey-trousers
2025-03-30 14:34:14,331 - ecommerce_crawler - INFO - Found product URL: https://www.virgio.com/products/9to9-rescued-poly-pleat-midi
2025-03-30 14:34:14,332 - ecommerce_crawler - INFO - Found product URL: https://www.virgio.com/products/youth-linen-cotton-tapered-trousers
2025-03-30 14:34:14,337 - ecommerce_crawler - INFO - Found product URL: https://www.virgio.com/products/youth-linen-cotton-linen-trouser
2025-03-30 14:34:14,339 - ecommerce_crawler - INFO - Found product URL: https://www.virgio.com/products/denim-daze-hit3-drop-shoulder-trucker-jacket
2025-03-30 14:34:14,340 - ecommerce_crawler - INFO - Found product URL: https://www.virgio.com/products/day-dress-hit2-cotton-plaid-shacket
2025-03-30 14:34:14,341 - ecommerce_crawler - INFO - Found product URL: https://www.virgio.com/products/denim-daze-hit3-denim-pintuck-crop-shirt
2025-03-30 14:34:14,341 - ecommerce_crawler - INFO - Found product URL: https://www.virgio.com/products/day-dress-hit2-blue-oversized-plaid-shirt
2025-03-30 14:34:14,342 - ecommerce_crawler - INFO - Found product URL: https://www.virgio.com/products/vintage-vogue-puff-sleeved-front-tie-top
2025-03-30 14:34:14,343 - ecommerce_crawler - INFO - Found product URL: https://www.virgio.com/products/day-dress-hit2-green-cropped-plaid-shacket
2025-03-30 14:34:14,344 - ecommerce_crawler - INFO - Found product URL: https://www.virgio.com/products/denim-daze-hit3-dark-blue-denim-crop-shirt
2025-03-30 14:34:14,344 - ecommerce_crawler - INFO - Found product URL: https://www.virgio.com/products/denim-daze-hit3-dark-blue-denim-shirt
2025-03-30 14:34:14,346 - ecommerce_crawler - INFO - Found product URL: https://www.virgio.com/products/9to9-cotton-regular-shirt
2025-03-30 14:34:14,347 - ecommerce_crawler - INFO - Found product URL: https://www.virgio.com/products/9to9-rescued-poly-v-neck-blouse
2025-03-30 14:34:14,348 - ecommerce_crawler - INFO - Found product URL: https://www.virgio.com/products/9to9-poly-satin-printed-shirt
2025-03-30 14:34:14,348 - ecommerce_crawler - INFO - Found product URL: https://www.virgio.com/products/posh-in-polka-cotton-printed-ruffle-top
2025-03-30 14:34:14,349 - ecommerce_crawler - INFO - Found product URL: https://www.virgio.com/products/nubohem-edith-broderie-anglais-shirt
2025-03-30 14:34:14,349 - ecommerce_crawler - INFO - Found product URL: https://www.virgio.com/products/nubohem-ingrid-broderie-anglais-shirt
2025-03-30 14:34:14,350 - ecommerce_crawler - INFO - Found product URL: https://www.virgio.com/products/poppy-poplin-versatile-cotton-shirt
2025-03-30 14:34:14,351 - ecommerce_crawler - INFO - Found product URL: https://www.virgio.com/products/9to9-eco-ruffle-poly-blouse
2025-03-30 14:34:14,351 - ecommerce_crawler - INFO - Found product URL: https://www.virgio.com/products/9to9-rescued-poly-ruffle-blouse
2025-03-30 14:34:14,352 - ecommerce_crawler - INFO - Found product URL: https://www.virgio.com/products/9to9-viscose-high-low-hem-shirt
2025-03-30 14:34:14,352 - ecommerce_crawler - INFO - Found product URL: https://www.virgio.com/products/9to9-poly-satin-regular-shirt
2025-03-30 14:34:14,353 - ecommerce_crawler - INFO - Found product URL: https://www.virgio.com/products/reworked-shirt-debonair-cotton-crop-shirt
2025-03-30 14:34:14,353 - ecommerce_crawler - INFO - Found product URL: https://www.virgio.com/products/reworked-shirt-urbane-cotton-crop-shirt
2025-03-30 14:34:14,354 - ecommerce_crawler - INFO - Found product URL: https://www.virgio.com/products/date-comfy-lycra-satin-black-shirt
2025-03-30 14:34:14,356 - ecommerce_crawler - INFO - Found product URL: https://www.virgio.com/products/date-sizzling-black-corset-top
2025-03-30 14:34:32,120 - ecommerce_crawler - INFO - Completed crawl for https://www.virgio.com/ in 346.67 seconds
2025-03-30 14:34:32,120 - ecommerce_crawler - INFO - Visited 800 URLs, found 641 product URLs
2025-03-30 14:34:32,122 - ecommerce_crawler - INFO - Starting crawl for domain: https://www.tatacliq.com/
2025-03-30 14:34:33,224 - ecommerce_crawler - INFO - Completed crawl for https://www.tatacliq.com/ in 1.10 seconds
2025-03-30 14:34:33,224 - ecommerce_crawler - INFO - Visited 1 URLs, found 0 product URLs
2025-03-30 14:34:33,224 - ecommerce_crawler - INFO - Starting crawl for domain: https://nykaafashion.com/
2025-03-30 14:34:44,389 - ecommerce_crawler - WARNING - Failed to fetch https://nykaafashion.com/: HTTP 403
2025-03-30 14:34:45,389 - ecommerce_crawler - INFO - Completed crawl for https://nykaafashion.com/ in 12.17 seconds
2025-03-30 14:34:45,390 - ecommerce_crawler - INFO - Visited 1 URLs, found 0 product URLs
2025-03-30 14:34:45,390 - ecommerce_crawler - INFO - Starting crawl for domain: https://www.westside.com/
2025-03-30 14:36:48,533 - ecommerce_crawler - INFO - Completed crawl for https://www.westside.com/ in 123.14 seconds
2025-03-30 14:36:48,534 - ecommerce_crawler - INFO - Visited 214 URLs, found 0 product URLs
2025-03-30 14:36:48,577 - ecommerce_crawler - INFO - Results saved to product_urls.json
2025-03-30 14:36:48,582 - ecommerce_crawler - INFO - Domain results saved to results/www_virgio_com_products.json
2025-03-30 14:36:48,601 - ecommerce_crawler - INFO - Domain results saved to results/www_tatacliq_com_products.json
2025-03-30 14:36:48,603 - ecommerce_crawler - INFO - Domain results saved to results/nykaafashion_com_products.json
2025-03-30 14:36:48,605 - ecommerce_crawler - INFO - Domain results saved to results/www_westside_com_products.json
2025-03-30 14:38:48,707 - ecommerce_crawler - INFO - Starting crawl for domain: https://www.virgio.com/
2025-03-30 14:38:50,589 - ecommerce_crawler - INFO - Found product URL: https://www.virgio.com/products/veronicas-chic-cotton-co-ords
2025-03-30 14:38:50,589 - ecommerce_crawler - INFO - Found product URL: https://www.virgio.com/products/date-chic-red-solid-co-ords
2025-03-30 14:38:50,589 - ecommerce_crawler - INFO - Found product URL: https://www.virgio.com/products/date-breezy-black-relaxed-trousers
2025-03-30 14:38:50,589 - ecommerce_crawler - INFO - Found product URL: https://www.virgio.com/products/date-comfy-beige-relaxed-trousers
2025-03-30 14:38:50,589 - ecommerce_crawler - INFO - Found product URL: https://www.virgio.com/products/veronicas-retro-cotton-pleated-skirt
2025-03-30 14:38:50,589 - ecommerce_crawler - INFO - Found product URL: https://www.virgio.com/products/veronicas-playful-cotton-checked-skirt
2025-03-30 14:38:58,794 - ecommerce_crawler - WARNING - Failed to fetch https://www.virgio.com/collections/bottomwear-date: HTTP 404
2025-03-30 14:39:01,972 - ecommerce_crawler - INFO - Found product URL: https://www.virgio.com/products/reworked-shirt-pleated-detail-striped-shirt
2025-03-30 14:39:01,972 - ecommerce_crawler - INFO - Found product URL: https://www.virgio.com/products/reworked-shirt-high-low-mandarin-collar-top
2025-03-30 14:39:01,972 - ecommerce_crawler - INFO - Found product URL: https://www.virgio.com/products/reworked-shirt-striped-high-low-layer-top
2025-03-30 14:39:01,972 - ecommerce_crawler - INFO - Found product URL: https://www.virgio.com/products/lease-line-hit2-olive-front-open-twill-dress
2025-03-30 14:39:01,972 - ecommerce_crawler - INFO - Found product URL: https://www.virgio.com/products/lease-line-hit2-front-tie-up-printed-dress
2025-03-30 14:39:01,972 - ecommerce_crawler - INFO - Found product URL: https://www.virgio.com/products/lease-line-hit2-tiered-waist-gathered-dress
2025-03-30 14:39:01,986 - ecommerce_crawler - INFO - Found product URL: https://www.virgio.com/products/summer-stripes-fitted-waist-shirt-dress
2025-03-30 14:39:01,986 - ecommerce_crawler - INFO - Found product URL: https://www.virgio.com/products/temple-flower-temple-flower-printed-shirt
2025-03-30 14:39:01,986 - ecommerce_crawler - INFO - Found product URL: https://www.virgio.com/products/temple-flower-linen-striped-pleated-skirt
2025-03-30 14:39:01,986 - ecommerce_crawler - INFO - Found product URL: https://www.virgio.com/products/temple-flower-eco-printed-tie-up-waistcoat
2025-03-30 14:39:01,987 - ecommerce_crawler - INFO - Found product URL: https://www.virgio.com/products/temple-flower-eco-printed-asymmetric-waistcoat
2025-03-30 14:39:01,987 - ecommerce_crawler - INFO - Found product URL: https://www.virgio.com/products/temple-flower-striped-wide-leg-linen-pants
2025-03-30 14:39:01,988 - ecommerce_crawler - INFO - Found product URL: https://www.virgio.com/products/temple-flower-eco-printed-slit-sleeve-top
2025-03-30 14:39:01,988 - ecommerce_crawler - INFO - Found product URL: https://www.virgio.com/products/temple-flower-striped-asymmetrical-wrap-top
2025-03-30 14:39:01,988 - ecommerce_crawler - INFO - Found product URL: https://www.virgio.com/products/summer-stripes-striped-tiered-midi-skirt
2025-03-30 14:39:01,988 - ecommerce_crawler - INFO - Found product URL: https://www.virgio.com/products/summer-stripes-buttoned-pointed-hem-vest
2025-03-30 14:39:01,988 - ecommerce_crawler - INFO - Found product URL: https://www.virgio.com/products/summer-stripes-asymmetric-wrap-wide-legs
2025-03-30 14:39:01,988 - ecommerce_crawler - INFO - Found product URL: https://www.virgio.com/products/summer-stripes-button-front-flared-dress
2025-03-30 14:39:01,988 - ecommerce_crawler - INFO - Found product URL: https://www.virgio.com/products/summer-stripes-ruched-striped-midi-dress
2025-03-30 14:39:01,988 - ecommerce_crawler - INFO - Found product URL: https://www.virgio.com/products/summer-stripes-striped-buttoned-v-neck-vest
2025-03-30 14:39:01,991 - ecommerce_crawler - INFO - Found product URL: https://www.virgio.com/products/soft-romance-peter-pan-collar-boxy-shirt
2025-03-30 14:39:01,991 - ecommerce_crawler - INFO - Found product URL: https://www.virgio.com/products/gothic-boheme-hit2-shoulder-tie-up-dress-with-lace
2025-03-30 14:39:01,991 - ecommerce_crawler - INFO - Found product URL: https://www.virgio.com/products/gothic-boheme-hit2-black-embroidered-vest
2025-03-30 14:39:01,991 - ecommerce_crawler - INFO - Found product URL: https://www.virgio.com/products/gothic-boheme-hit2-white-ruffle-midi-skirt
2025-03-30 14:39:01,991 - ecommerce_crawler - INFO - Found product URL: https://www.virgio.com/products/rose-revival-cotton-floral-co-ord-set
2025-03-30 14:39:01,991 - ecommerce_crawler - INFO - Found product URL: https://www.virgio.com/products/rose-revival-recycled-poly-co-ord-set
2025-03-30 14:39:01,991 - ecommerce_crawler - INFO - Found product URL: https://www.virgio.com/products/rose-revival-recycled-poly-shirt-shorts-set
2025-03-30 14:39:01,994 - ecommerce_crawler - INFO - Found product URL: https://www.virgio.com/products/youth-linen-cotton-vest-and-skirt-set
2025-03-30 14:39:01,994 - ecommerce_crawler - INFO - Found product URL: https://www.virgio.com/products/ric-rac-lace-top-skirt-white-co-ords
2025-03-30 14:39:01,994 - ecommerce_crawler - INFO - Found product URL: https://www.virgio.com/products/perfect-match-balinese-cotton-co-ord
2025-03-30 14:39:01,995 - ecommerce_crawler - INFO - Found product URL: https://www.virgio.com/products/hernes-cotton-polka-twin-set
2025-03-30 14:39:01,995 - ecommerce_crawler - INFO - Found product URL: https://www.virgio.com/products/youth-linen-cotton-floral-co-ord-set
2025-03-30 14:39:01,995 - ecommerce_crawler - INFO - Found product URL: https://www.virgio.com/products/youth-linen-cotton-printed-co-ord-set
2025-03-30 14:39:01,996 - ecommerce_crawler - INFO - Found product URL: https://www.virgio.com/products/perfect-match-ethereal-cotton-co-ord
2025-03-30 14:39:01,996 - ecommerce_crawler - INFO - Found product URL: https://www.virgio.com/products/perfect-match-sublime-poplin-co-ord
2025-03-30 14:39:01,996 - ecommerce_crawler - INFO - Found product URL: https://www.virgio.com/products/upcycle-baby-pink-ruffle-co-ord-set
2025-03-30 14:39:01,997 - ecommerce_crawler - INFO - Found product URL: https://www.virgio.com/products/rose-revival-viscose-linen-co-ord-set
2025-03-30 14:39:01,997 - ecommerce_crawler - INFO - Found product URL: https://www.virgio.com/products/youth-linen-cotton-scallop-co-ord-set
2025-03-30 14:39:01,997 - ecommerce_crawler - INFO - Found product URL: https://www.virgio.com/products/rose-revival-viscose-floral-co-ord-set
2025-03-30 14:39:01,997 - ecommerce_crawler - INFO - Found product URL: https://www.virgio.com/products/perfect-match-torrid-cotton-co-ord
2025-03-30 14:39:01,998 - ecommerce_crawler - INFO - Found product URL: https://www.virgio.com/products/rose-revival-viscose-linen-co-ords
2025-03-30 14:39:01,998 - ecommerce_crawler - INFO - Found product URL: https://www.virgio.com/products/poppy-poplin-cotton-floral-co-ord-set
2025-03-30 14:39:01,999 - ecommerce_crawler - INFO - Found product URL: https://www.virgio.com/products/perfect-match-floral-modal-co-ord
2025-03-30 14:39:01,999 - ecommerce_crawler - INFO - Found product URL: https://www.virgio.com/products/ric-rac-lace-blue-lace-detail-co-ords
2025-03-30 14:39:01,999 - ecommerce_crawler - INFO - Found product URL: https://www.virgio.com/products/smocking-hot-hit2-cotton-peplum-co-ord-set
2025-03-30 14:39:23,572 - ecommerce_crawler - INFO - Found product URL: https://www.virgio.com/products/tiffany-versatile-cotton-striped-co-ords
2025-03-30 14:39:23,588 - ecommerce_crawler - INFO - Found product URL: https://www.virgio.com/products/retro-cotton-gingham-co-ord
2025-03-30 14:39:23,588 - ecommerce_crawler - INFO - Found product URL: https://www.virgio.com/products/nubohem-comfy-cotton-crop-top-with-flared-shorts
2025-03-30 14:39:23,588 - ecommerce_crawler - INFO - Found product URL: https://www.virgio.com/products/temple-flower-pleated-temple-flower-pants
2025-03-30 14:39:23,588 - ecommerce_crawler - INFO - Found product URL: https://www.virgio.com/products/autumn-pop-abstract-floral-printed-shorts
2025-03-30 14:39:23,588 - ecommerce_crawler - INFO - Found product URL: https://www.virgio.com/products/autumn-pop-abstract-floral-printed-pants
2025-03-30 14:39:23,588 - ecommerce_crawler - INFO - Found product URL: https://www.virgio.com/products/autumn-pop-floral-printed-pants
2025-03-30 14:39:23,588 - ecommerce_crawler - INFO - Found product URL: https://www.virgio.com/products/gothic-boheme-hit2-maroon-ruffle-midi-skirt
2025-03-30 14:39:23,588 - ecommerce_crawler - INFO - Found product URL: https://www.virgio.com/products/vintage-vogue-white-pleated-shorts
2025-03-30 14:39:23,588 - ecommerce_crawler - INFO - Found product URL: https://www.virgio.com/products/artisans-aura-jaipur-hand-block-print-front-tie-shorts
2025-03-30 14:39:23,588 - ecommerce_crawler - INFO - Found product URL: https://www.virgio.com/products/artisans-aura-handcrafted-jaipur-hand-block-print-wrap-skirt
2025-03-30 14:39:23,588 - ecommerce_crawler - INFO - Found product URL: https://www.virgio.com/products/vintage-vogue-block-print-bootcut-pants
2025-03-30 14:39:23,594 - ecommerce_crawler - INFO - Found product URL: https://www.virgio.com/products/academic-edge-hit1-pink-pull-on-shorts
2025-03-30 14:39:23,594 - ecommerce_crawler - INFO - Found product URL: https://www.virgio.com/products/academic-edge-hit1-blue-pull-on-shorts
2025-03-30 14:39:23,594 - ecommerce_crawler - INFO - Found product URL: https://www.virgio.com/products/denim-daze-hit4-blue-regular-flared-denims
2025-03-30 14:39:23,594 - ecommerce_crawler - INFO - Found product URL: https://www.virgio.com/products/denim-daze-hit4-blue-straight-flared-denims
2025-03-30 14:39:23,595 - ecommerce_crawler - INFO - Found product URL: https://www.virgio.com/products/artisans-aura-jaipur-hand-block-print-wrap-pants
2025-03-30 14:39:23,595 - ecommerce_crawler - INFO - Found product URL: https://www.virgio.com/products/work-wear-china-khakhi-high-waist-pants
2025-03-30 14:39:23,595 - ecommerce_crawler - INFO - Found product URL: https://www.virgio.com/products/whispering-clouds-black-paperbag-waist-pants
2025-03-30 14:39:23,596 - ecommerce_crawler - INFO - Found product URL: https://www.virgio.com/products/work-wear-china-black-high-waist-pants
2025-03-30 14:39:23,596 - ecommerce_crawler - INFO - Found product URL: https://www.virgio.com/products/work-wear-china-button-detail-midi-skirt
2025-03-30 14:39:23,596 - ecommerce_crawler - INFO - Found product URL: https://www.virgio.com/products/work-wear-china-olive-button-detail-skirt
2025-03-30 14:39:23,597 - ecommerce_crawler - INFO - Found product URL: https://www.virgio.com/products/brightlinen-cotton-linen-boxy-shirt
2025-03-30 14:39:23,597 - ecommerce_crawler - INFO - Found product URL: https://www.virgio.com/products/autumn-pop-abstract-floral-printed-shirt
2025-03-30 14:39:23,598 - ecommerce_crawler - INFO - Found product URL: https://www.virgio.com/products/autumn-pop-floral-printed-shirt
2025-03-30 14:39:23,598 - ecommerce_crawler - INFO - Found product URL: https://www.virgio.com/products/youth-linen-cotton-printed-boxy-shirt
2025-03-30 14:39:23,599 - ecommerce_crawler - INFO - Found product URL: https://www.virgio.com/products/9to9-side-shoulder-pleated-top
2025-03-30 14:39:23,599 - ecommerce_crawler - INFO - Found product URL: https://www.virgio.com/products/rose-revival-recycled-poly-floral-shirt
2025-03-30 14:39:23,599 - ecommerce_crawler - INFO - Found product URL: https://www.virgio.com/products/9to9-brown-shoulder-pleated-top
2025-03-30 14:39:23,600 - ecommerce_crawler - INFO - Found product URL: https://www.virgio.com/products/rose-revival-viscose-floral-print-shirt
2025-03-30 14:39:23,600 - ecommerce_crawler - INFO - Found product URL: https://www.virgio.com/products/rose-revival-viscose-full-sleeve-shirt
2025-03-30 14:39:23,600 - ecommerce_crawler - INFO - Found product URL: https://www.virgio.com/products/youth-linen-cotton-boxy-collar-shirt
2025-03-30 14:39:23,600 - ecommerce_crawler - INFO - Found product URL: https://www.virgio.com/products/9to9-viscose-oversized-shirt
2025-03-30 14:39:23,600 - ecommerce_crawler - INFO - Found product URL: https://www.virgio.com/products/soft-romance-bell-sleeve-regular-shirt
2025-03-30 14:39:23,602 - ecommerce_crawler - INFO - Found product URL: https://www.virgio.com/products/youth-linen-cotton-boxy-shirt
2025-03-30 14:39:23,602 - ecommerce_crawler - INFO - Found product URL: https://www.virgio.com/products/rose-revival-recycled-poly-cargo-shirt
2025-03-30 14:39:23,602 - ecommerce_crawler - INFO - Found product URL: https://www.virgio.com/products/reworked-shirt-suave-cotton-striped-shirt
2025-03-30 14:39:23,603 - ecommerce_crawler - INFO - Found product URL: https://www.virgio.com/products/9to9-cotton-cap-sleeve-shirt
2025-03-30 14:39:23,603 - ecommerce_crawler - INFO - Found product URL: https://www.virgio.com/products/poppy-poplin-chic-cotton-floral-shirt
2025-03-30 14:39:23,604 - ecommerce_crawler - INFO - Found product URL: https://www.virgio.com/products/whispering-clouds-embroidered-oversized-shirt
2025-03-30 14:39:23,604 - ecommerce_crawler - INFO - Found product URL: https://www.virgio.com/products/tailored-elegance-back-cutout-regular-shirt
2025-03-30 14:39:23,604 - ecommerce_crawler - INFO - Found product URL: https://www.virgio.com/products/pantone-floral-print-blocked-shirt
2025-03-30 14:39:41,934 - ecommerce_crawler - INFO - Found product URL: https://www.virgio.com/products/poppy-poplin-cotton-puff-sleeve-shirt
2025-03-30 14:39:41,934 - ecommerce_crawler - INFO - Found product URL: https://www.virgio.com/products/whispering-clouds-collared-high-low-hem-top
2025-03-30 14:39:41,934 - ecommerce_crawler - INFO - Found product URL: https://www.virgio.com/products/perfect-match-throw-on-top-and-shirt
2025-03-30 14:39:41,934 - ecommerce_crawler - INFO - Found product URL: https://www.virgio.com/products/retro-cotton-mini-jumpsuit
2025-03-30 14:39:41,934 - ecommerce_crawler - INFO - Found product URL: https://www.virgio.com/products/linenluxe-glam-jumpsuit-with-cut-out
2025-03-30 14:39:41,934 - ecommerce_crawler - INFO - Found product URL: https://www.virgio.com/products/ss24-sleek-poly-viscose-front-overlap-jumpsuit
2025-03-30 14:39:41,934 - ecommerce_crawler - INFO - Found product URL: https://www.virgio.com/products/reworked-front-twist-halter-neck-jumpsuit
2025-03-30 14:39:41,934 - ecommerce_crawler - INFO - Found product URL: https://www.virgio.com/products/utility-chic-comfy-lycra-boiler-suit
2025-03-30 14:39:41,934 - ecommerce_crawler - INFO - Found product URL: https://www.virgio.com/products/linenluxe-classy-jumpsuit-with-cut-out
2025-03-30 14:39:41,943 - ecommerce_crawler - INFO - Found product URL: https://www.virgio.com/products/linenluxe-comfy-cotton-playsuit
2025-03-30 14:39:41,943 - ecommerce_crawler - INFO - Found product URL: https://www.virgio.com/products/linenluxe-pretty-cotton-playsuit
2025-03-30 14:39:41,943 - ecommerce_crawler - INFO - Found product URL: https://www.virgio.com/products/veronicas-soft-cotton-floral-playsuit
2025-03-30 14:39:41,943 - ecommerce_crawler - INFO - Found product URL: https://www.virgio.com/products/retro-cotton-mini-playsuit
2025-03-30 14:39:41,944 - ecommerce_crawler - INFO - Found product URL: https://www.virgio.com/products/ss24-chic-cotton-pinafore-romper
2025-03-30 14:39:41,944 - ecommerce_crawler - INFO - Found product URL: https://www.virgio.com/products/veronicas-comfy-cotton-striped-playsuit
2025-03-30 14:39:41,944 - ecommerce_crawler - INFO - Found product URL: https://www.virgio.com/products/pantone-brown-flared-leg-jumpsuit
2025-03-30 14:39:41,945 - ecommerce_crawler - INFO - Found product URL: https://www.virgio.com/products/chic-serenade1-denim-banded-midi-dress
2025-03-30 14:39:41,945 - ecommerce_crawler - INFO - Found product URL: https://www.virgio.com/products/smocking-poplin-empire-flare-cotton-dress
2025-03-30 14:39:41,945 - ecommerce_crawler - INFO - Found product URL: https://www.virgio.com/products/chic-serenade1-denim-flared-midi-dress
2025-03-30 14:39:41,946 - ecommerce_crawler - INFO - Found product URL: https://www.virgio.com/products/whispering-clouds-dolman-sleeve-shirt-dress
2025-03-30 14:39:41,946 - ecommerce_crawler - INFO - Found product URL: https://www.virgio.com/products/chic-serenade1-denim-banded-flared-dress
2025-03-30 14:39:41,946 - ecommerce_crawler - INFO - Found product URL: https://www.virgio.com/products/denimdaze-hit3strappy-fit-and-flare-dress
2025-03-30 14:39:41,947 - ecommerce_crawler - INFO - Found product URL: https://www.virgio.com/products/whispering-clouds-blue-strappy-mini-dress
2025-03-30 14:39:41,947 - ecommerce_crawler - INFO - Found product URL: https://www.virgio.com/products/ric-rac-lace-floral-tie-strap-mini-dress
2025-03-30 14:39:41,947 - ecommerce_crawler - INFO - Found product URL: https://www.virgio.com/products/denim-daze-hit3-strappy-smocking-denim-dress
2025-03-30 14:39:41,948 - ecommerce_crawler - INFO - Found product URL: https://www.virgio.com/products/denim-daze-hit3-blue-denim-smocking-dress
2025-03-30 14:39:41,948 - ecommerce_crawler - INFO - Found product URL: https://www.virgio.com/products/ss24-airy-cotton-fit-and-flare-dress-with-elasticated-waist
2025-03-30 14:39:41,949 - ecommerce_crawler - INFO - Found product URL: https://www.virgio.com/products/poppy-poplin-stylish-cotton-midi-dress
2025-03-30 14:39:41,949 - ecommerce_crawler - INFO - Found product URL: https://www.virgio.com/products/reworked-shirt-gorgeous-lycra-midi-dress
2025-03-30 14:39:41,950 - ecommerce_crawler - INFO - Found product URL: https://www.virgio.com/products/smocking-poplin-regal-flare-cotton-dress
2025-03-30 14:39:41,950 - ecommerce_crawler - INFO - Found product URL: https://www.virgio.com/products/smocking-poplin-cosmic-flare-cottton-dress
2025-03-30 14:39:41,950 - ecommerce_crawler - INFO - Found product URL: https://www.virgio.com/products/rose-revival-cotton-tiered-flared-dress
2025-03-30 14:39:41,950 - ecommerce_crawler - INFO - Found product URL: https://www.virgio.com/products/brightlinen-viscose-linen-mini-dress
2025-03-30 14:39:41,950 - ecommerce_crawler - INFO - Found product URL: https://www.virgio.com/products/smocking-hot-hit3-elasticated-waist-midi-dress
2025-03-30 14:39:41,950 - ecommerce_crawler - INFO - Found product URL: https://www.virgio.com/products/roselle-waist-detail-midi-dress
2025-03-30 14:39:41,952 - ecommerce_crawler - INFO - Found product URL: https://www.virgio.com/products/sootelle-waist-detail-midi-dress
2025-03-30 14:39:41,952 - ecommerce_crawler - INFO - Found product URL: https://www.virgio.com/products/modern-muse-pink-shirt-dress-with-vest
2025-03-30 14:39:59,140 - ecommerce_crawler - INFO - Found product URL: https://www.virgio.com/products/party-wear-black-embellished-dolman-top
2025-03-30 14:39:59,140 - ecommerce_crawler - INFO - Found product URL: https://www.virgio.com/products/party-wear-maroon-embellished-dolman-top
2025-03-30 14:39:59,141 - ecommerce_crawler - INFO - Found product URL: https://www.virgio.com/products/academic-edge-hit2-distressed-wash-embroidered-tee
2025-03-30 14:39:59,141 - ecommerce_crawler - INFO - Found product URL: https://www.virgio.com/products/academic-edge-hit2-grey-overlap-knit-tee
2025-03-30 14:39:59,143 - ecommerce_crawler - INFO - Found product URL: https://www.virgio.com/products/academic-edge-hit2-embroidered-distressed-wash-tee
2025-03-30 14:39:59,143 - ecommerce_crawler - INFO - Found product URL: https://www.virgio.com/products/temple-flower-eco-printed-side-slit-tunic
2025-03-30 14:39:59,144 - ecommerce_crawler - INFO - Found product URL: https://www.virgio.com/products/gothic-boheme-hit2-black-lace-detail-shirt
2025-03-30 14:39:59,144 - ecommerce_crawler - INFO - Found product URL: https://www.virgio.com/products/gothic-boheme-hit2-red-lace-detail-shirt
2025-03-30 14:39:59,144 - ecommerce_crawler - INFO - Found product URL: https://www.virgio.com/products/gothic-boheme-hit2-front-tie-embroidered-top
2025-03-30 14:39:59,144 - ecommerce_crawler - INFO - Found product URL: https://www.virgio.com/products/gothic-boheme-hit2-white-embroidered-vest
2025-03-30 14:39:59,145 - ecommerce_crawler - INFO - Found product URL: https://www.virgio.com/products/gothic-boheme-hit2-black-contrast-embroidery-top
2025-03-30 14:39:59,145 - ecommerce_crawler - INFO - Found product URL: https://www.virgio.com/products/gothic-boheme-hit2-white-contrast-embroidery-top
2025-03-30 14:39:59,145 - ecommerce_crawler - INFO - Found product URL: https://www.virgio.com/products/gothic-boheme-hit2-embroidered-top-with-front-tie
2025-03-30 14:39:59,145 - ecommerce_crawler - INFO - Found product URL: https://www.virgio.com/products/retro-cotton-halter-neck-top
2025-03-30 14:39:59,146 - ecommerce_crawler - INFO - Found product URL: https://www.virgio.com/products/elevated-essential-h1-sleek-knit-sleeveless-top
2025-03-30 14:39:59,146 - ecommerce_crawler - INFO - Found product URL: https://www.virgio.com/products/work-wear-china-square-neck-fitted-dress
2025-03-30 14:39:59,146 - ecommerce_crawler - INFO - Found product URL: https://www.virgio.com/products/ruffle-romance-asymmetrical-hem-frill-dress
2025-03-30 14:39:59,146 - ecommerce_crawler - INFO - Found product URL: https://www.virgio.com/products/work-wear-china-beige-jail-stripe-waistcoat
2025-03-30 14:39:59,148 - ecommerce_crawler - INFO - Found product URL: https://www.virgio.com/products/rose-revival-recycled-poly-floral-skirt
2025-03-30 14:39:59,148 - ecommerce_crawler - INFO - Found product URL: https://www.virgio.com/products/work-wear-china-side-gathered-midi-dress
2025-03-30 14:39:59,148 - ecommerce_crawler - INFO - Found product URL: https://www.virgio.com/products/9to9-cotton-top-pants-co-ord
2025-03-30 14:39:59,149 - ecommerce_crawler - INFO - Found product URL: https://www.virgio.com/products/papillon-charm-asymmetrical-neck-maxi-dress
2025-03-30 14:39:59,149 - ecommerce_crawler - INFO - Found product URL: https://www.virgio.com/products/papillon-charm-butterfly-printed-shirt
2025-03-30 14:39:59,149 - ecommerce_crawler - INFO - Found product URL: https://www.virgio.com/products/papillon-charm-one-shoulder-maxi-dress
2025-03-30 14:39:59,149 - ecommerce_crawler - INFO - Found product URL: https://www.virgio.com/products/papillon-charm-butterfly-print-midi-dress
2025-03-30 14:39:59,150 - ecommerce_crawler - INFO - Found product URL: https://www.virgio.com/products/ruffle-romance-green-ruffle-midi-dress
2025-03-30 14:39:59,150 - ecommerce_crawler - INFO - Found product URL: https://www.virgio.com/products/ruffle-romance-long-sleeve-ruffle-dress
2025-03-30 14:39:59,150 - ecommerce_crawler - INFO - Found product URL: https://www.virgio.com/products/ruffle-romance-black-ruffle-dress-with-slit
2025-03-30 14:39:59,151 - ecommerce_crawler - INFO - Found product URL: https://www.virgio.com/products/ruffle-romance-blue-ruffle-dress-with-slit
2025-03-30 14:39:59,151 - ecommerce_crawler - INFO - Found product URL: https://www.virgio.com/products/9to9-cotton-dress-with-belt
2025-03-30 14:39:59,152 - ecommerce_crawler - INFO - Found product URL: https://www.virgio.com/products/rose-revival-boat-neck-floral-maxi-dress
2025-03-30 14:39:59,152 - ecommerce_crawler - INFO - Found product URL: https://www.virgio.com/products/9to9-cotton-strapless-top
2025-03-30 14:39:59,153 - ecommerce_crawler - INFO - Found product URL: https://www.virgio.com/products/rose-revival-viscose-gathered-dress
2025-03-30 14:39:59,153 - ecommerce_crawler - INFO - Found product URL: https://www.virgio.com/products/youth-linen-scallop-cotton-midi-dress
2025-03-30 14:40:14,596 - ecommerce_crawler - INFO - Found product URL: https://www.virgio.com/products/poppy-poplin-dress-with-gather-details
2025-03-30 14:40:14,596 - ecommerce_crawler - INFO - Found product URL: https://www.virgio.com/products/vintage-bloom-cotton-smocking-maxi-dress
2025-03-30 14:40:14,596 - ecommerce_crawler - INFO - Found product URL: https://www.virgio.com/products/utility-chic-jacket-front-open-twill-dress
2025-03-30 14:40:14,596 - ecommerce_crawler - INFO - Found product URL: https://www.virgio.com/products/rose-revival-viscose-floral-midi-dress
2025-03-30 14:40:14,596 - ecommerce_crawler - INFO - Found product URL: https://www.virgio.com/products/shimmering-front-tie-up-metallic-dress-with-pockets
2025-03-30 14:40:14,596 - ecommerce_crawler - INFO - Found product URL: https://www.virgio.com/products/rosebud-corsage-bodycon-dress
2025-03-30 14:40:14,596 - ecommerce_crawler - INFO - Found product URL: https://www.virgio.com/products/cinched-silhouette-mini-dress-with-pockets
2025-03-30 14:40:14,596 - ecommerce_crawler - INFO - Found product URL: https://www.virgio.com/products/blossom-blouson-green-dress-with-pockets
2025-03-30 14:40:14,596 - ecommerce_crawler - INFO - Found product URL: https://www.virgio.com/products/polka-dot-serenade-in-black-with-pockets
2025-03-30 14:40:14,596 - ecommerce_crawler - INFO - Found product URL: https://www.virgio.com/products/ruby-rapture-knee-length-dress
2025-03-30 14:40:14,596 - ecommerce_crawler - INFO - Found product URL: https://www.virgio.com/products/schiffli-fit-and-flare-dress-with-puff-sleeves
2025-03-30 14:40:14,605 - ecommerce_crawler - INFO - Found product URL: https://www.virgio.com/products/sultry-recycled-polyester-floral-skirt
2025-03-30 14:40:14,605 - ecommerce_crawler - INFO - Found product URL: https://www.virgio.com/products/rainbow-breeze-mini-delight-with-pockets
2025-03-30 14:40:14,606 - ecommerce_crawler - INFO - Found product URL: https://www.virgio.com/products/citrus-splash-polka-dot-dress-with-pockets
2025-03-30 14:40:14,606 - ecommerce_crawler - INFO - Found product URL: https://www.virgio.com/products/vivid-v-neck-frill-elegance-with-pockets
2025-03-30 14:40:14,606 - ecommerce_crawler - INFO - Found product URL: https://www.virgio.com/products/glam-lycra-satin-ruching-skirt
2025-03-30 14:40:14,607 - ecommerce_crawler - INFO - Found product URL: https://www.virgio.com/products/floral-reverie-v-neck-maxi-dress
2025-03-30 14:40:14,607 - ecommerce_crawler - INFO - Found product URL: https://www.virgio.com/products/classy-lycra-satin-floral-bomber-jacket
2025-03-30 14:40:14,607 - ecommerce_crawler - INFO - Found product URL: https://www.virgio.com/products/floral-fantasy-button-down-dress-with-pockets
2025-03-30 14:40:14,607 - ecommerce_crawler - INFO - Found product URL: https://www.virgio.com/products/nautical-bloom-smocked-dress-with-pockets
2025-03-30 14:40:14,608 - ecommerce_crawler - INFO - Found product URL: https://www.virgio.com/products/sleek-blue-animal-print-dress
2025-03-30 14:40:14,608 - ecommerce_crawler - INFO - Found product URL: https://www.virgio.com/products/animal-print-v-neck-mini-dress
2025-03-30 14:40:14,608 - ecommerce_crawler - INFO - Found product URL: https://www.virgio.com/products/elevated-essential-h1-charming-knit-crop-t-shirt
2025-03-30 14:40:14,609 - ecommerce_crawler - INFO - Found product URL: https://www.virgio.com/products/elevated-essential-h1-airy-knit-boxy-t-shirt
2025-03-30 14:40:14,609 - ecommerce_crawler - INFO - Found product URL: https://www.virgio.com/products/tranquil-checks-cotton-gingham-tie-top
2025-03-30 14:40:14,610 - ecommerce_crawler - INFO - Found product URL: https://www.virgio.com/products/retro-cottton-front-tie-crop-top
2025-03-30 14:40:14,610 - ecommerce_crawler - INFO - Found product URL: https://www.virgio.com/products/smocking-hot-hit2-cotton-twill-smocking-top
2025-03-30 14:40:32,471 - ecommerce_crawler - INFO - Found product URL: https://www.virgio.com/products/pantone-puff-sleeve-smocked-dress
2025-03-30 14:40:32,471 - ecommerce_crawler - INFO - Found product URL: https://www.virgio.com/products/pantone-strappy-tiered-lace-dress
2025-03-30 14:40:32,471 - ecommerce_crawler - INFO - Found product URL: https://www.virgio.com/products/pantone-strappy-gathered-dress
2025-03-30 14:40:32,471 - ecommerce_crawler - INFO - Found product URL: https://www.virgio.com/products/pantone-brown-straight-fit-trousers
2025-03-30 14:40:32,471 - ecommerce_crawler - INFO - Found product URL: https://www.virgio.com/products/pantone-smocked-sleeveless-mini-dress
2025-03-30 14:40:32,471 - ecommerce_crawler - INFO - Found product URL: https://www.virgio.com/products/pantone-colour-blocked-layered-dress
2025-03-30 14:40:32,471 - ecommerce_crawler - INFO - Found product URL: https://www.virgio.com/products/pantone-colour-block-bow-tie-up-top
2025-03-30 14:40:32,471 - ecommerce_crawler - INFO - Found product URL: https://www.virgio.com/products/modern-muse-embroidery-sleeveless-top
2025-03-30 14:40:32,471 - ecommerce_crawler - INFO - Found product URL: https://www.virgio.com/products/modern-muse-purple-lace-detail-midi-dress
2025-03-30 14:40:32,471 - ecommerce_crawler - INFO - Found product URL: https://www.virgio.com/products/modern-muse-lace-drop-shoulder-shirt
2025-03-30 14:40:32,471 - ecommerce_crawler - INFO - Found product URL: https://www.virgio.com/products/modern-muse-black-crochet-crop-top
2025-03-30 14:40:32,471 - ecommerce_crawler - INFO - Found product URL: https://www.virgio.com/products/modern-muse-tie-up-top-with-cami-inside
2025-03-30 14:40:32,471 - ecommerce_crawler - INFO - Found product URL: https://www.virgio.com/products/modern-muse-embroidered-top-with-ruffles
2025-03-30 14:40:32,471 - ecommerce_crawler - INFO - Found product URL: https://www.virgio.com/products/modern-muse-drop-shoulder-lace-shirt
2025-03-30 14:40:32,471 - ecommerce_crawler - INFO - Found product URL: https://www.virgio.com/products/modern-muse-white-mini-crocket-skirt
2025-03-30 14:40:32,471 - ecommerce_crawler - INFO - Found product URL: https://www.virgio.com/products/modern-muse-tuck-and-lace-detailed-top
2025-03-30 14:40:48,687 - ecommerce_crawler - INFO - Found product URL: https://www.virgio.com/products/modern-muse-black-mini-crocket-skirt
2025-03-30 14:40:48,687 - ecommerce_crawler - INFO - Found product URL: https://www.virgio.com/products/modern-muse-blue-crochet-crop-top
2025-03-30 14:40:48,687 - ecommerce_crawler - INFO - Found product URL: https://www.virgio.com/products/modern-muse-embroidered-lace-tie-top
2025-03-30 14:40:48,687 - ecommerce_crawler - INFO - Found product URL: https://www.virgio.com/products/modern-muse-lace-detail-pull-up-pants
2025-03-30 14:40:48,687 - ecommerce_crawler - INFO - Found product URL: https://www.virgio.com/products/modern-muse-embroidered-ruffled-top
2025-03-30 14:40:48,687 - ecommerce_crawler - INFO - Found product URL: https://www.virgio.com/products/modern-muse-pink-lace-detail-midi-dress
2025-03-30 14:40:48,703 - ecommerce_crawler - INFO - Found product URL: https://www.virgio.com/products/modern-muse-crochet-lace-gathered-skirt
2025-03-30 14:40:48,703 - ecommerce_crawler - INFO - Found product URL: https://www.virgio.com/products/gothic-boheme-hit2-white-contrast-embroidery-dress
2025-03-30 14:40:48,703 - ecommerce_crawler - INFO - Found product URL: https://www.virgio.com/products/gothic-boheme-hit2-maroon-contrast-embroidery-dress
2025-03-30 14:40:48,703 - ecommerce_crawler - INFO - Found product URL: https://www.virgio.com/products/gothic-boheme-hit2-shoulder-tie-up-lace-dress
2025-03-30 14:40:48,703 - ecommerce_crawler - INFO - Found product URL: https://www.virgio.com/products/artisans-aura-jaipur-hand-block-print-full-sleeves-smocked-top
2025-03-30 14:40:48,703 - ecommerce_crawler - INFO - Found product URL: https://www.virgio.com/products/temple-flower-front-tie-up-pintuck-dress
2025-03-30 14:40:48,703 - ecommerce_crawler - INFO - Found product URL: https://www.virgio.com/products/artisans-aura-jaipur-hand-block-print-slip-dress
2025-03-30 14:40:48,705 - ecommerce_crawler - INFO - Found product URL: https://www.virgio.com/products/artisans-aura-jaipur-hand-block-print-front-placket-dress
2025-03-30 14:40:48,705 - ecommerce_crawler - INFO - Found product URL: https://www.virgio.com/products/artisans-aura-handcrafted-royal-jaipur-block-print-dress
2025-03-30 14:40:48,706 - ecommerce_crawler - INFO - Found product URL: https://www.virgio.com/products/artisans-aura-jaipur-hand-block-print-flutter-sleeve-top
2025-03-30 14:40:48,706 - ecommerce_crawler - INFO - Found product URL: https://www.virgio.com/products/artisans-aura-jaipur-hand-block-print-elasticated-waist-crop-top
2025-03-30 14:40:48,717 - ecommerce_crawler - INFO - Found product URL: https://www.virgio.com/products/artisans-aura-jaipur-hand-block-print-tie-up-neck-dress
2025-03-30 14:40:48,718 - ecommerce_crawler - INFO - Found product URL: https://www.virgio.com/products/academic-edge-hit1-cropped-hoodie-shorts-co-ord
2025-03-30 14:40:48,718 - ecommerce_crawler - INFO - Found product URL: https://www.virgio.com/products/perfect-match-cotton-drill-co-ord
2025-03-30 14:40:48,718 - ecommerce_crawler - INFO - Found product URL: https://www.virgio.com/products/academic-edge-hit1-hoodie-shorts-co-ord-set
2025-03-30 14:40:48,719 - ecommerce_crawler - INFO - Found product URL: https://www.virgio.com/products/perfect-match-drill-cotton-co-ord
2025-03-30 14:40:48,719 - ecommerce_crawler - INFO - Found product URL: https://www.virgio.com/products/perfect-match-vibrant-cotton-co-ord
2025-03-30 14:40:48,719 - ecommerce_crawler - INFO - Found product URL: https://www.virgio.com/products/tranquil-checks-cotton-gingham-co-ord-set
2025-03-30 14:40:48,720 - ecommerce_crawler - INFO - Found product URL: https://www.virgio.com/products/tranquil-checks-cotton-check-co-ord-set
2025-03-30 14:40:48,720 - ecommerce_crawler - INFO - Found product URL: https://www.virgio.com/products/perfect-match-breezy-cotton-bandeau
2025-03-30 14:40:48,720 - ecommerce_crawler - INFO - Found product URL: https://www.virgio.com/products/ric-rac-lace-red-tunic-pants-co-ord
2025-03-30 14:40:48,721 - ecommerce_crawler - INFO - Found product URL: https://www.virgio.com/products/posh-in-polka-polka-co-ord-set
2025-03-30 14:40:48,721 - ecommerce_crawler - INFO - Found product URL: https://www.virgio.com/products/ric-rac-lace-ric-rac-lace-black-co-ords
2025-03-30 14:40:48,721 - ecommerce_crawler - INFO - Found product URL: https://www.virgio.com/products/9to9-cotton-co-ords-set
2025-03-30 14:40:48,722 - ecommerce_crawler - INFO - Found product URL: https://www.virgio.com/products/ric-rac-lace-black-ric-rac-lace-co-ords
2025-03-30 14:41:02,784 - ecommerce_crawler - INFO - Found product URL: https://www.virgio.com/products/ric-rac-lace-top-skirt-black-co-ords
2025-03-30 14:41:02,786 - ecommerce_crawler - INFO - Found product URL: https://www.virgio.com/products/ric-rac-lace-black-tunic-pants-co-ord
2025-03-30 14:41:02,787 - ecommerce_crawler - INFO - Found product URL: https://www.virgio.com/products/perfect-match-dreamy-top-skirt-co-ord
2025-03-30 14:41:02,788 - ecommerce_crawler - INFO - Found product URL: https://www.virgio.com/products/perfect-match-zesty-cotton-mini-shorts
2025-03-30 14:41:02,789 - ecommerce_crawler - INFO - Found product URL: https://www.virgio.com/products/utility-chic-chic-cotton-co-ord-set
2025-03-30 14:41:02,789 - ecommerce_crawler - INFO - Found product URL: https://www.virgio.com/products/poppy-poplin-classy-cotton-co-ord-set
2025-03-30 14:41:02,790 - ecommerce_crawler - INFO - Found product URL: https://www.virgio.com/products/perfect-match-ethereal-floral-co-ord
2025-03-30 14:41:02,790 - ecommerce_crawler - INFO - Found product URL: https://www.virgio.com/products/alicia-glam-cotton-striped-co-ords
2025-03-30 14:41:02,790 - ecommerce_crawler - INFO - Found product URL: https://www.virgio.com/products/nubohem-sultry-cotton-tube-top-with-trousers
2025-03-30 14:41:02,791 - ecommerce_crawler - INFO - Found product URL: https://www.virgio.com/products/ric-rac-lace-blue-tiered-maxi-skirt
2025-03-30 14:41:02,791 - ecommerce_crawler - INFO - Found product URL: https://www.virgio.com/products/ric-rac-lace-ric-rac-lace-tiered-skirt
2025-03-30 14:41:02,791 - ecommerce_crawler - INFO - Found product URL: https://www.virgio.com/products/tailored-elegance-navy-blue-mini-pleated-skirt
2025-03-30 14:41:02,792 - ecommerce_crawler - INFO - Found product URL: https://www.virgio.com/products/work-wear-china-beige-jail-stripe-trousers
2025-03-30 14:41:02,792 - ecommerce_crawler - INFO - Found product URL: https://www.virgio.com/products/tailored-elegance-checked-mini-pleated-skirt
2025-03-30 14:41:02,792 - ecommerce_crawler - INFO - Found product URL: https://www.virgio.com/products/ric-rac-lace-black-ric-rac-lace-skort
2025-03-30 14:41:02,792 - ecommerce_crawler - INFO - Found product URL: https://www.virgio.com/products/ric-rac-lace-red-lace-detail-flared-pants
2025-03-30 14:41:02,793 - ecommerce_crawler - INFO - Found product URL: https://www.virgio.com/products/posh-in-polka-vertical-ruffle-polka-skirt
2025-03-30 14:41:02,793 - ecommerce_crawler - INFO - Found product URL: https://www.virgio.com/products/work-wear-china-beige-jail-stripe-shorts
2025-03-30 14:41:02,793 - ecommerce_crawler - INFO - Found product URL: https://www.virgio.com/products/denim-daze-hit3-blue-high-waist-jeans
2025-03-30 14:41:02,793 - ecommerce_crawler - INFO - Found product URL: https://www.virgio.com/products/ric-rac-lace-lace-detail-gathered-skirt
2025-03-30 14:41:02,794 - ecommerce_crawler - INFO - Found product URL: https://www.virgio.com/products/ric-rac-lace-lace-detail-flared-pants
2025-03-30 14:41:02,794 - ecommerce_crawler - INFO - Found product URL: https://www.virgio.com/products/ric-rac-lace-lace-detail-flared-skirt
2025-03-30 14:41:02,794 - ecommerce_crawler - INFO - Found product URL: https://www.virgio.com/products/denim-mix-cotton-panelled-trousers
2025-03-30 14:41:02,794 - ecommerce_crawler - INFO - Found product URL: https://www.virgio.com/products/denim-daze-hit3-light-blue-wrap-mini-skirt
2025-03-30 14:41:02,794 - ecommerce_crawler - INFO - Found product URL: https://www.virgio.com/products/denim-daze-hit3-blue-wide-leg-denim
2025-03-30 14:41:02,795 - ecommerce_crawler - INFO - Found product URL: https://www.virgio.com/products/denim-mix-cotton-denim-fusion-midi-skirt
2025-03-30 14:41:02,795 - ecommerce_crawler - INFO - Found product URL: https://www.virgio.com/products/denim-daze-hit3-dark-blue-high-waist-jeans
2025-03-30 14:41:02,795 - ecommerce_crawler - INFO - Found product URL: https://www.virgio.com/products/denim-daze-hit3-grey-wide-leg-denim
2025-03-30 14:41:02,795 - ecommerce_crawler - INFO - Found product URL: https://www.virgio.com/products/modern-muse-black-crochet-crop-shirt
2025-03-30 14:41:02,795 - ecommerce_crawler - INFO - Found product URL: https://www.virgio.com/products/retro-gingham-front-tie-shirt
2025-03-30 14:41:02,796 - ecommerce_crawler - INFO - Found product URL: https://www.virgio.com/products/pantone-short-sleeve-buttoned-shirt
2025-03-30 14:41:02,796 - ecommerce_crawler - INFO - Found product URL: https://www.virgio.com/products/whispering-clouds-oversized-embroidered-shirt
2025-03-30 14:41:02,796 - ecommerce_crawler - INFO - Found product URL: https://www.virgio.com/products/ric-rac-lace-lace-trim-scallop-cuff-shirt
2025-03-30 14:41:18,157 - ecommerce_crawler - INFO - Found product URL: https://www.virgio.com/products/vintage-vogue-teal-pin-tucks-detail-blouse
2025-03-30 14:41:18,158 - ecommerce_crawler - INFO - Found product URL: https://www.virgio.com/products/vintage-vogue-white-pin-tucks-detail-blouse
2025-03-30 14:41:18,159 - ecommerce_crawler - INFO - Found product URL: https://www.virgio.com/products/vintage-vogue-long-puff-sleeved-shirt
2025-03-30 14:41:18,160 - ecommerce_crawler - INFO - Found product URL: https://www.virgio.com/products/vintage-vogue-white-ruffled-collar-shirt
2025-03-30 14:41:18,161 - ecommerce_crawler - INFO - Found product URL: https://www.virgio.com/products/vintage-vogue-long-sleeve-shirt-bralette
2025-03-30 14:41:18,162 - ecommerce_crawler - INFO - Found product URL: https://www.virgio.com/products/pantone-ditsy-print-pleated-shirt
2025-03-30 14:41:18,162 - ecommerce_crawler - INFO - Found product URL: https://www.virgio.com/products/modern-muse-white-crochet-crop-shirt
2025-03-30 14:41:18,162 - ecommerce_crawler - INFO - Found product URL: https://www.virgio.com/products/ric-rac-lace-full-sleeve-lace-trim-shirt
2025-03-30 14:41:18,163 - ecommerce_crawler - INFO - Found product URL: https://www.virgio.com/products/utility-chic-jacket-front-open-cropped-jacket
2025-03-30 14:41:18,163 - ecommerce_crawler - INFO - Found product URL: https://www.virgio.com/products/date-classy-lycra-satin-red-bodycon-dress
2025-03-30 14:41:18,164 - ecommerce_crawler - INFO - Found product URL: https://www.virgio.com/products/date-sizzling-black-dress-with-halter-neck-tie-up
2025-03-30 14:41:18,164 - ecommerce_crawler - INFO - Found product URL: https://www.virgio.com/products/date-classy-black-slip-dress-with-asymmetric-neckline
2025-03-30 14:41:18,164 - ecommerce_crawler - INFO - Found product URL: https://www.virgio.com/products/date-sleek-black-dress-with-contrast-ruffles
2025-03-30 14:41:18,164 - ecommerce_crawler - INFO - Found product URL: https://www.virgio.com/products/date-classy-red-dress-with-contrast-ruffles
2025-03-30 14:41:18,166 - ecommerce_crawler - INFO - Found product URL: https://www.virgio.com/products/date-glam-lycra-satin-black-bodycon-dress
2025-03-30 14:41:18,166 - ecommerce_crawler - INFO - Found product URL: https://www.virgio.com/products/date-sizzling-red-dress-with-halter-neck-tie-up
2025-03-30 14:41:18,166 - ecommerce_crawler - INFO - Found product URL: https://www.virgio.com/products/poppy-poplin-classy-cotton-mini-dress
2025-03-30 14:41:18,166 - ecommerce_crawler - INFO - Found product URL: https://www.virgio.com/products/date-chic-corset-dress-with-flutter-sleeve
2025-03-30 14:41:18,167 - ecommerce_crawler - INFO - Found product URL: https://www.virgio.com/products/date-glam-white-slip-dress-with-asymmetric-neckline
2025-03-30 14:41:18,167 - ecommerce_crawler - INFO - Found product URL: https://www.virgio.com/products/date-chic-black-pencil-skirt
2025-03-30 14:41:18,168 - ecommerce_crawler - INFO - Found product URL: https://www.virgio.com/products/date-cute-lycra-satin-white-sleeveless-dress
2025-03-30 14:41:18,170 - ecommerce_crawler - INFO - Found product URL: https://www.virgio.com/products/date-glam-corset-dress-with-flutter-sleeve
2025-03-30 14:41:18,170 - ecommerce_crawler - INFO - Found product URL: https://www.virgio.com/products/date-chic-lycra-satin-black-corset-detail-dress
2025-03-30 14:41:18,170 - ecommerce_crawler - INFO - Found product URL: https://www.virgio.com/products/date-chic-red-lycra-satin-skirt
2025-03-30 14:41:18,170 - ecommerce_crawler - INFO - Found product URL: https://www.virgio.com/products/date-sleek-red-pencil-skirt
2025-03-30 14:41:18,170 - ecommerce_crawler - INFO - Found product URL: https://www.virgio.com/products/date-bianca-sleek-black-co-ords
2025-03-30 14:41:18,170 - ecommerce_crawler - INFO - Found product URL: https://www.virgio.com/products/date-chic-lycra-satin-red-corset-detail-dress
2025-03-30 14:41:18,170 - ecommerce_crawler - INFO - Found product URL: https://www.virgio.com/products/date-chic-lycra-satin-red-v-neck-dress
2025-03-30 14:41:18,170 - ecommerce_crawler - INFO - Found product URL: https://www.virgio.com/products/date-timeless-lycra-satin-white-halter-neck-dress
2025-03-30 14:41:18,170 - ecommerce_crawler - INFO - Found product URL: https://www.virgio.com/products/date-timeless-lycra-satin-black-halter-neck-dress
2025-03-30 14:41:18,170 - ecommerce_crawler - INFO - Found product URL: https://www.virgio.com/products/date-casual-lycra-satin-white-shirt
2025-03-30 14:41:18,170 - ecommerce_crawler - INFO - Found product URL: https://www.virgio.com/products/denim-daze-hit3-black-high-waist-jeans
2025-03-30 14:41:18,174 - ecommerce_crawler - INFO - Found product URL: https://www.virgio.com/products/9to9-cotton-flared-pants
2025-03-30 14:41:18,174 - ecommerce_crawler - INFO - Found product URL: https://www.virgio.com/products/9to9-cotton-wide-high-pants
2025-03-30 14:41:18,174 - ecommerce_crawler - INFO - Found product URL: https://www.virgio.com/products/sun-kissed-floral-bodycon-dress
2025-03-30 14:41:18,174 - ecommerce_crawler - INFO - Found product URL: https://www.virgio.com/products/cinch-n-vibe-geo-print-dress-with-pockets
2025-03-30 14:41:18,175 - ecommerce_crawler - INFO - Found product URL: https://www.virgio.com/products/sweetheart-blue-belle-dress
2025-03-30 14:41:34,663 - ecommerce_crawler - INFO - Found product URL: https://www.virgio.com/products/mustard-muse-crossed-strap-elegance
2025-03-30 14:41:34,663 - ecommerce_crawler - INFO - Found product URL: https://www.virgio.com/products/dramatic-floral-twist-with-pockets
2025-03-30 14:41:34,663 - ecommerce_crawler - INFO - Found product URL: https://www.virgio.com/products/red-v-neck-elegance-with-pockets
2025-03-30 14:41:34,663 - ecommerce_crawler - INFO - Found product URL: https://www.virgio.com/products/floral-flare-collar-mini-dress
2025-03-30 14:41:34,663 - ecommerce_crawler - INFO - Found product URL: https://www.virgio.com/products/moonlit-ruffles-pleated-puff-dress-with-pockets
2025-03-30 14:41:34,663 - ecommerce_crawler - INFO - Found product URL: https://www.virgio.com/products/viscose-petal-pusher-midi-dress-with-pockets
2025-03-30 14:41:34,663 - ecommerce_crawler - INFO - Found product URL: https://www.virgio.com/products/tropical-oasis-wrap-dress
2025-03-30 14:41:34,663 - ecommerce_crawler - INFO - Found product URL: https://www.virgio.com/products/frill-flare-midi-dress-with-pockets
2025-03-30 14:41:34,663 - ecommerce_crawler - INFO - Found product URL: https://www.virgio.com/products/midnight-bloom-overlap-dress
2025-03-30 14:41:34,663 - ecommerce_crawler - INFO - Found product URL: https://www.virgio.com/products/cherry-charm-overlap-v-dress-with-pockets
2025-03-30 14:41:34,663 - ecommerce_crawler - INFO - Found product URL: https://www.virgio.com/products/taupe-temptation-front-draped-dress
2025-03-30 14:41:34,670 - ecommerce_crawler - INFO - Found product URL: https://www.virgio.com/products/gingham-glamour-mini-dress-with-pockets
2025-03-30 14:41:34,670 - ecommerce_crawler - INFO - Found product URL: https://www.virgio.com/products/chic-block-print-shirt-dress-with-pockets
2025-03-30 14:41:34,670 - ecommerce_crawler - INFO - Found product URL: https://www.virgio.com/products/black-floral-frill-dress-with-pockets
2025-03-30 14:41:34,671 - ecommerce_crawler - INFO - Found product URL: https://www.virgio.com/products/sleek-black-draped-shirt-dress
2025-03-30 14:41:34,671 - ecommerce_crawler - INFO - Found product URL: https://www.virgio.com/products/red-rose-criss-cross-chic-dress
2025-03-30 14:41:34,671 - ecommerce_crawler - INFO - Found product URL: https://www.virgio.com/products/multicolored-meadow-smocked-floral-dress
2025-03-30 14:41:34,671 - ecommerce_crawler - INFO - Found product URL: https://www.virgio.com/products/chic-polka-dot-serenade-maxi-dress
2025-03-30 14:41:34,671 - ecommerce_crawler - INFO - Found product URL: https://www.virgio.com/products/multihued-back-detail-mini-dress
2025-03-30 14:41:34,672 - ecommerce_crawler - INFO - Found product URL: https://www.virgio.com/products/schiffly-kaleidoscope-chic-dress
2025-03-30 14:41:34,672 - ecommerce_crawler - INFO - Found product URL: https://www.virgio.com/products/rose-revival-viscose-linen-shorts
2025-03-30 14:41:34,672 - ecommerce_crawler - INFO - Found product URL: https://www.virgio.com/products/utility-chic-comfy-cotton-cargo-bermudas
2025-03-30 14:41:34,672 - ecommerce_crawler - INFO - Found product URL: https://www.virgio.com/products/rose-revival-recycled-poly-mini-shorts
2025-03-30 14:41:34,673 - ecommerce_crawler - INFO - Found product URL: https://www.virgio.com/products/rose-revival-recycled-poly-printed-shorts
2025-03-30 14:41:34,673 - ecommerce_crawler - INFO - Found product URL: https://www.virgio.com/products/rose-revival-viscose-floral-shorts
2025-03-30 14:41:34,673 - ecommerce_crawler - INFO - Found product URL: https://www.virgio.com/products/rose-revival-viscose-linen-blue-shorts
2025-03-30 14:41:34,673 - ecommerce_crawler - INFO - Found product URL: https://www.virgio.com/products/retro-cotton-mini-wrap-skort
2025-03-30 14:41:34,673 - ecommerce_crawler - INFO - Found product URL: https://www.virgio.com/products/poppy-poplin-cotton-floral-mini-shorts
2025-03-30 14:41:34,675 - ecommerce_crawler - INFO - Found product URL: https://www.virgio.com/products/tranquil-checks-cotton-gingham-mini-short
2025-03-30 14:41:34,675 - ecommerce_crawler - INFO - Found product URL: https://www.virgio.com/products/poppy-poplin-airy-cotton-mini-shorts
2025-03-30 14:41:34,675 - ecommerce_crawler - INFO - Found product URL: https://www.virgio.com/products/9to9-rescued-poly-black-shorts
2025-03-30 14:41:34,676 - ecommerce_crawler - INFO - Found product URL: https://www.virgio.com/products/9to9-rescued-poly-grey-skorts
2025-03-30 14:41:34,676 - ecommerce_crawler - INFO - Found product URL: https://www.virgio.com/products/9to9-rescued-poly-grey-shorts
2025-03-30 14:41:34,677 - ecommerce_crawler - INFO - Found product URL: https://www.virgio.com/products/9to9-rescued-poly-brown-shorts
2025-03-30 14:41:34,677 - ecommerce_crawler - INFO - Found product URL: https://www.virgio.com/products/denim-daze-hit2-denim-skorts-with-slit
2025-03-30 14:41:34,678 - ecommerce_crawler - INFO - Found product URL: https://www.virgio.com/products/nubohem-comfy-cotton-regular-mini-shorts
2025-03-30 14:41:34,678 - ecommerce_crawler - INFO - Found product URL: https://www.virgio.com/products/soft-romance-red-balloon-skirt-dress
2025-03-30 14:41:52,397 - ecommerce_crawler - INFO - Found product URL: https://www.virgio.com/products/autumn-pop-pink-strappy-midi-dress
2025-03-30 14:41:52,397 - ecommerce_crawler - INFO - Found product URL: https://www.virgio.com/products/retro-back-cutout-mini-dress
2025-03-30 14:41:52,397 - ecommerce_crawler - INFO - Found product URL: https://www.virgio.com/products/modern-muse-white-shirt-dress-with-vest
2025-03-30 14:41:52,397 - ecommerce_crawler - INFO - Found product URL: https://www.virgio.com/products/soft-romance-ruffled-mini-dress-with-bow
2025-03-30 14:41:52,397 - ecommerce_crawler - INFO - Found product URL: https://www.virgio.com/products/modern-muse-black-shirt-dress-with-vest
2025-03-30 14:41:52,397 - ecommerce_crawler - INFO - Found product URL: https://www.virgio.com/products/soft-romance-halter-neck-tiered-dress
2025-03-30 14:41:52,397 - ecommerce_crawler - INFO - Found product URL: https://www.virgio.com/products/autumn-pop-blue-strappy-midi-dress
2025-03-30 14:41:52,397 - ecommerce_crawler - INFO - Found product URL: https://www.virgio.com/products/ric-rac-lace-maxi-dress-with-lace-straps
2025-03-30 14:41:52,397 - ecommerce_crawler - INFO - Found product URL: https://www.virgio.com/products/rose-revival-viscose-strappy-midi-dress
2025-03-30 14:41:52,397 - ecommerce_crawler - INFO - Found product URL: https://www.virgio.com/products/rose-revival-cotton-floral-maxi-dress
2025-03-30 14:41:52,397 - ecommerce_crawler - INFO - Found product URL: https://www.virgio.com/products/rose-revival-recycled-poly-printed-dress
2025-03-30 14:41:52,397 - ecommerce_crawler - INFO - Found product URL: https://www.virgio.com/products/whispering-clouds-red-dolman-sleeve-shirt-dress
2025-03-30 14:41:52,397 - ecommerce_crawler - INFO - Found product URL: https://www.virgio.com/products/vintage-vogue-teal-printed-bralette
2025-03-30 14:41:52,397 - ecommerce_crawler - INFO - Found product URL: https://www.virgio.com/products/rose-revival-viscose-front-knotted-top
2025-03-30 14:41:52,397 - ecommerce_crawler - INFO - Found product URL: https://www.virgio.com/products/rose-revival-cotton-floral-crop-top
2025-03-30 14:41:52,397 - ecommerce_crawler - INFO - Found product URL: https://www.virgio.com/products/rose-revival-recycled-poly-corset-top
2025-03-30 14:41:52,397 - ecommerce_crawler - INFO - Found product URL: https://www.virgio.com/products/rose-revival-recycled-poly-v-neck-top
2025-03-30 14:41:52,408 - ecommerce_crawler - INFO - Found product URL: https://www.virgio.com/products/rose-revival-recycled-poly-floral-top
2025-03-30 14:41:52,408 - ecommerce_crawler - INFO - Found product URL: https://www.virgio.com/products/rose-revival-viscose-gathered-top
2025-03-30 14:41:52,408 - ecommerce_crawler - INFO - Found product URL: https://www.virgio.com/products/youth-linen-cotton-puff-sleeve-top
2025-03-30 14:41:52,408 - ecommerce_crawler - INFO - Found product URL: https://www.virgio.com/products/soft-romance-black-bow-knot-tie-up-top
2025-03-30 14:41:52,408 - ecommerce_crawler - INFO - Found product URL: https://www.virgio.com/products/soft-romance-ribbed-lace-trim-t-shirt
2025-03-30 14:41:52,409 - ecommerce_crawler - INFO - Found product URL: https://www.virgio.com/products/soft-romance-cupid-graphic-cutout-t-shirt
2025-03-30 14:41:52,409 - ecommerce_crawler - INFO - Found product URL: https://www.virgio.com/products/soft-romance-heart-printed-tank-top
2025-03-30 14:41:52,409 - ecommerce_crawler - INFO - Found product URL: https://www.virgio.com/products/soft-romance-smocked-peplum-top-with-bow
2025-03-30 14:41:52,409 - ecommerce_crawler - INFO - Found product URL: https://www.virgio.com/products/autumn-pop-abstract-floral-strappy-top
2025-03-30 14:41:52,409 - ecommerce_crawler - INFO - Found product URL: https://www.virgio.com/products/autumn-pop-floral-regular-strappy-top
2025-03-30 14:41:52,409 - ecommerce_crawler - INFO - Found product URL: https://www.virgio.com/products/pantone-peplum-top-with-tie-detail
2025-03-30 14:41:52,410 - ecommerce_crawler - INFO - Found product URL: https://www.virgio.com/products/work-wear-china-blue-square-neck-layer-top
2025-03-30 14:41:52,410 - ecommerce_crawler - INFO - Found product URL: https://www.virgio.com/products/vintage-vogue-flared-midi-skirt
2025-03-30 14:41:52,410 - ecommerce_crawler - INFO - Found product URL: https://www.virgio.com/products/vintage-vogue-skirt-with-tie-up-at-slit
2025-03-30 14:42:06,257 - ecommerce_crawler - INFO - Found product URL: https://www.virgio.com/products/rose-revival-viscose-side-slit-skirt
2025-03-30 14:42:06,257 - ecommerce_crawler - INFO - Found product URL: https://www.virgio.com/products/posh-in-polka-viscose-tiered-skirt
2025-03-30 14:42:06,257 - ecommerce_crawler - INFO - Found product URL: https://www.virgio.com/products/perfect-match-sublime-cotton-midi-skirt
2025-03-30 14:42:06,257 - ecommerce_crawler - INFO - Found product URL: https://www.virgio.com/products/denim-daze-hit3-dark-blue-wrap-mini-skirt
2025-03-30 14:42:06,257 - ecommerce_crawler - INFO - Found product URL: https://www.virgio.com/products/9to9-satin-pleated-midi-skirt
2025-03-30 14:42:06,257 - ecommerce_crawler - INFO - Found product URL: https://www.virgio.com/products/rose-revival-cotton-floral-mini-skirt
2025-03-30 14:42:06,257 - ecommerce_crawler - INFO - Found product URL: https://www.virgio.com/products/denim-daze-hit2-denim-skirt-with-raw-edges
2025-03-30 14:42:06,257 - ecommerce_crawler - INFO - Found product URL: https://www.virgio.com/products/versatile-moss-crepe-fit-flare-skirt
2025-03-30 14:42:06,257 - ecommerce_crawler - INFO - Found product URL: https://www.virgio.com/products/ss24-flirty-cotton-ruffle-mini-skirt
2025-03-30 14:42:06,257 - ecommerce_crawler - INFO - Found product URL: https://www.virgio.com/products/utility-chic-sleek-cotton-flared-skirt
2025-03-30 14:42:06,267 - ecommerce_crawler - INFO - Found product URL: https://www.virgio.com/products/ss24-versatile-ruched-front-viscose-skirt
2025-03-30 14:42:06,268 - ecommerce_crawler - INFO - Found product URL: https://www.virgio.com/products/nubohem-comfy-cotton-tiered-high-low-skirt
2025-03-30 14:42:06,274 - ecommerce_crawler - INFO - Found product URL: https://www.virgio.com/products/linenluxe-chic-a-line-skirt
2025-03-30 14:42:06,274 - ecommerce_crawler - INFO - Found product URL: https://www.virgio.com/products/brightlinen-glam-viscose-linen-skirt
2025-03-30 14:42:06,275 - ecommerce_crawler - INFO - Found product URL: https://www.virgio.com/products/posh-in-polka-cotton-polka-crop-top
2025-03-30 14:42:06,275 - ecommerce_crawler - INFO - Found product URL: https://www.virgio.com/products/elevated-essential-h1-plush-knit-fitted-top?_pos=1&_psq=Plush%20Knit%20Fitted%20Top&_ss=e&_v=1.0
2025-03-30 14:42:06,275 - ecommerce_crawler - INFO - Found product URL: https://www.virgio.com/products/versatile-lycra-satin-floral-bomber-jacket
2025-03-30 14:42:06,276 - ecommerce_crawler - INFO - Found product URL: https://www.virgio.com/products/perfect-match-cotton-drill-slit-skirt?_pos=2&_psq=%20drill%20skirt&_ss=e&_v=1.0
2025-03-30 14:42:06,276 - ecommerce_crawler - INFO - Found product URL: https://www.virgio.com/products/nubohem-chic-cotton-boxy-shirt-with-scallop-hem?_pos=2&_psq=Broderie%20Anglais%20shirt&_ss=e&_v=1.0
2025-03-30 14:42:06,276 - ecommerce_crawler - INFO - Found product URL: https://www.virgio.com/products/work-wear-china-waist-gathered-midi-dress
2025-03-30 14:42:06,276 - ecommerce_crawler - INFO - Found product URL: https://www.virgio.com/products/youth-linen-cotton-lace-floral-dress
2025-03-30 14:42:06,277 - ecommerce_crawler - INFO - Found product URL: https://www.virgio.com/products/day-dress-hit2-viscose-floral-print-dress
2025-03-30 14:42:06,277 - ecommerce_crawler - INFO - Found product URL: https://www.virgio.com/products/youth-linen-cotton-scallop-midi-dress
2025-03-30 14:42:06,277 - ecommerce_crawler - INFO - Found product URL: https://www.virgio.com/products/youth-linen-linen-printed-midi-dress
2025-03-30 14:42:06,277 - ecommerce_crawler - INFO - Found product URL: https://www.virgio.com/products/rose-revival-recycled-poly-floral-dress
2025-03-30 14:42:06,277 - ecommerce_crawler - INFO - Found product URL: https://www.virgio.com/products/tailored-elegance-maxi-dress-with-back-cutout
2025-03-30 14:42:06,277 - ecommerce_crawler - INFO - Found product URL: https://www.virgio.com/products/9to9-cotton-smocking-top
2025-03-30 14:42:06,278 - ecommerce_crawler - INFO - Found product URL: https://www.virgio.com/products/tailored-elegance-black-puff-sleeve-mini-dress
2025-03-30 14:42:06,279 - ecommerce_crawler - INFO - Found product URL: https://www.virgio.com/products/rose-revival-viscose-strappy-dress
2025-03-30 14:42:06,279 - ecommerce_crawler - INFO - Found product URL: https://www.virgio.com/products/tailored-elegance-off-shoulder-striped-dress
2025-03-30 14:42:06,279 - ecommerce_crawler - INFO - Found product URL: https://www.virgio.com/products/9to9-rescued-poly-grey-vest
2025-03-30 14:42:06,279 - ecommerce_crawler - INFO - Found product URL: https://www.virgio.com/products/9to9-rescued-poly-draped-dress
2025-03-30 14:42:21,236 - ecommerce_crawler - INFO - Found product URL: https://www.virgio.com/products/9to9-rescued-poly-pleated-skirt
2025-03-30 14:42:21,237 - ecommerce_crawler - INFO - Found product URL: https://www.virgio.com/products/work-wear-china-beige-jail-stripe-blazer
2025-03-30 14:42:21,239 - ecommerce_crawler - INFO - Found product URL: https://www.virgio.com/products/reworked-crop-breathable-cotton-cami-top-with-frills
2025-03-30 14:42:21,239 - ecommerce_crawler - INFO - Found product URL: https://www.virgio.com/products/posh-in-polka-cotton-puff-sleeve-top
2025-03-30 14:42:21,240 - ecommerce_crawler - INFO - Found product URL: https://www.virgio.com/products/smocking-hot-hit2-cotton-dress-with-smocking
2025-03-30 14:42:21,240 - ecommerce_crawler - INFO - Found product URL: https://www.virgio.com/products/chic-lycra-satin-bustier-top
2025-03-30 14:42:21,240 - ecommerce_crawler - INFO - Found product URL: https://www.virgio.com/products/elevated-essential-h1-playful-knit-crop-t-shirt
2025-03-30 14:42:21,241 - ecommerce_crawler - INFO - Found product URL: https://www.virgio.com/products/perfect-match-cotton-front-tie-top
2025-03-30 14:42:21,241 - ecommerce_crawler - INFO - Found product URL: https://www.virgio.com/products/posh-in-polka-cotton-mini-skirt-with-bow
2025-03-30 14:42:21,241 - ecommerce_crawler - INFO - Found product URL: https://www.virgio.com/products/smocking-hot-hit2-poplin-smocking-shirt
2025-03-30 14:42:21,241 - ecommerce_crawler - INFO - Found product URL: https://www.virgio.com/products/posh-in-polka-cotton-full-puff-sleeve-top
2025-03-30 14:42:21,242 - ecommerce_crawler - INFO - Found product URL: https://www.virgio.com/products/posh-in-polka-cotton-satin-dress-with-bow
2025-03-30 14:42:21,242 - ecommerce_crawler - INFO - Found product URL: https://www.virgio.com/products/retro-cotton-gingham-top
2025-03-30 14:42:21,242 - ecommerce_crawler - INFO - Found product URL: https://www.virgio.com/products/flatknits-simco-cotton-white-tank-top
2025-03-30 14:42:21,242 - ecommerce_crawler - INFO - Found product URL: https://www.virgio.com/products/veronicas-breathable-cotton-checked-shirt
2025-03-30 14:42:21,242 - ecommerce_crawler - INFO - Found product URL: https://www.virgio.com/products/veronicas-chic-cotton-floral-top
2025-03-30 14:42:21,243 - ecommerce_crawler - INFO - Found product URL: https://www.virgio.com/products/veronicas-glam-cotton-checked-skirt
2025-03-30 14:42:21,243 - ecommerce_crawler - INFO - Found product URL: https://www.virgio.com/products/veronicas-soft-cotton-crop-shirt
2025-03-30 14:42:21,243 - ecommerce_crawler - INFO - Found product URL: https://www.virgio.com/products/veronicas-chic-cotton-checked-top
2025-03-30 14:42:21,243 - ecommerce_crawler - INFO - Found product URL: https://www.virgio.com/products/veronicas-vintage-cotton-checked-crop-top
2025-03-30 14:42:21,243 - ecommerce_crawler - INFO - Found product URL: https://www.virgio.com/products/elevated-essential-h1-bold-knit-sleeveless-top
2025-03-30 14:42:21,243 - ecommerce_crawler - INFO - Found product URL: https://www.virgio.com/products/elevated-essential-h1-plush-knit-fitted-top
2025-03-30 14:42:21,244 - ecommerce_crawler - INFO - Found product URL: https://www.virgio.com/products/reworked-cropped-boxy-shirt
2025-03-30 14:42:21,244 - ecommerce_crawler - INFO - Found product URL: https://www.virgio.com/products/reworked-chic-cotton-mini-skirt-with-front-tie-up
2025-03-30 14:42:21,244 - ecommerce_crawler - INFO - Found product URL: https://www.virgio.com/products/ss24-breathable-cotton-button-down-shirt
2025-03-30 14:42:21,245 - ecommerce_crawler - INFO - Found product URL: https://www.virgio.com/products/denim-daze-hit2-denim-midi-slit-skirt
2025-03-30 14:42:21,245 - ecommerce_crawler - INFO - Found product URL: https://www.virgio.com/products/denimdaze-sultry-denim-mini-skirt
2025-03-30 14:42:21,245 - ecommerce_crawler - INFO - Found product URL: https://www.virgio.com/products/denimdaze-chic-denim-skirt-with-slit
2025-03-30 14:42:21,245 - ecommerce_crawler - INFO - Found product URL: https://www.virgio.com/products/denim-daze-hit2-denim-bubble-mini-skirt
2025-03-30 14:42:21,245 - ecommerce_crawler - INFO - Found product URL: https://www.virgio.com/products/denimdaze-cool-denim-skirt-with-slit
2025-03-30 14:42:21,245 - ecommerce_crawler - INFO - Found product URL: https://www.virgio.com/products/denim-daze-hit2-denim-fit-flare-skirt
2025-03-30 14:42:21,247 - ecommerce_crawler - INFO - Found product URL: https://www.virgio.com/products/denimdaze-stylish-denim-mini-skirt
2025-03-30 14:42:21,247 - ecommerce_crawler - INFO - Found product URL: https://www.virgio.com/products/denim-daze-hit2-denim-bubble-mini-skirt?_pos=2&_psq=bubble%20skirt%20&_ss=e&_v=1.0
2025-03-30 14:42:21,248 - ecommerce_crawler - INFO - Found product URL: https://www.virgio.com/products/nubohem-versatile-cotton-boxy-shirt-with-scallop-hem
2025-03-30 14:42:38,088 - ecommerce_crawler - INFO - Found product URL: https://www.virgio.com/products/linenluxe-front-twist-crop-top
2025-03-30 14:42:38,088 - ecommerce_crawler - INFO - Found product URL: https://www.virgio.com/products/nubohem-versatile-cotton-cowl-sleeve-mini-dress?_pos=1&_psq=carleen%20&_ss=e&_v=1.0
2025-03-30 14:42:38,088 - ecommerce_crawler - INFO - Found product URL: https://www.virgio.com/products/fit-and-flare-square-neck-schiffili-dress
2025-03-30 14:42:38,088 - ecommerce_crawler - INFO - Found product URL: https://www.virgio.com/products/chic-serenade1-cotton-voluminous-dress
2025-03-30 14:42:38,088 - ecommerce_crawler - INFO - Found product URL: https://www.virgio.com/products/cottonon-blaine-waist-detail-midi-dress
2025-03-30 14:42:38,088 - ecommerce_crawler - INFO - Found product URL: https://www.virgio.com/products/floral-chic-lycra-satin-floral-dress
2025-03-30 14:42:38,088 - ecommerce_crawler - INFO - Found product URL: https://www.virgio.com/products/reworked-pleated-skirt
2025-03-30 14:42:38,088 - ecommerce_crawler - INFO - Found product URL: https://www.virgio.com/products/lace-up-petal-mini-dress?_pos=5&_psq=lace%20dress&_ss=e&_v=1.0
2025-03-30 14:42:38,088 - ecommerce_crawler - INFO - Found product URL: https://www.virgio.com/products/denimdaze-effortless-denim-jacket
2025-03-30 14:42:38,088 - ecommerce_crawler - INFO - Found product URL: https://www.virgio.com/products/denimdaze-distressed-boyfriend-jeans
2025-03-30 14:42:38,088 - ecommerce_crawler - INFO - Found product URL: https://www.virgio.com/products/veronicas-chic-cotton-front-tie-up-shirt
2025-03-30 14:42:38,088 - ecommerce_crawler - INFO - Found product URL: https://www.virgio.com/products/perfect-match-ruched-cotton-top
2025-03-30 14:42:38,097 - ecommerce_crawler - INFO - Found product URL: https://www.virgio.com/products/denimdaze-comfy-denim-box-fit-shirt
2025-03-30 14:42:38,097 - ecommerce_crawler - INFO - Found product URL: https://www.virgio.com/products/reworked-panneled-stripe-shirt
2025-03-30 14:42:38,097 - ecommerce_crawler - INFO - Found product URL: https://www.virgio.com/products/linenluxe-sleek-cotton-sleeveless-top
2025-03-30 14:42:38,098 - ecommerce_crawler - INFO - Found product URL: https://www.virgio.com/products/linenluxe-navy-blue-wrap-top
2025-03-30 14:42:38,098 - ecommerce_crawler - INFO - Found product URL: https://www.virgio.com/products/nubohem-airy-cotton-a-line-top-with-lace-detail
2025-03-30 14:42:38,098 - ecommerce_crawler - INFO - Found product URL: https://www.virgio.com/products/reworked-crop-top-with-tieup-detail-at-waist
2025-03-30 14:42:38,099 - ecommerce_crawler - INFO - Found product URL: https://www.virgio.com/products/nubohem-chic-cotton-embroidered-mini-skirt
2025-03-30 14:42:38,099 - ecommerce_crawler - INFO - Found product URL: https://www.virgio.com/products/veronicas-chic-cotton-pleated-skirt
2025-03-30 14:42:38,099 - ecommerce_crawler - INFO - Found product URL: https://www.virgio.com/products/ss24-sleek-viscose-striped-midi-skirt
2025-03-30 14:42:38,099 - ecommerce_crawler - INFO - Found product URL: https://www.virgio.com/products/nubohem-sleek-cotton-straight-mini-skirt
2025-03-30 14:42:38,100 - ecommerce_crawler - INFO - Found product URL: https://www.virgio.com/products/glam-cotton-striped-ruched-skirt?_pos=10&_psq=skirts&_ss=e&_v=1.0
2025-03-30 14:42:38,100 - ecommerce_crawler - INFO - Found product URL: https://www.virgio.com/products/upcycle-floral-wrap-skirt
2025-03-30 14:42:38,100 - ecommerce_crawler - INFO - Found product URL: https://www.virgio.com/products/utility-chic-chic-cotton-flared-skirt
2025-03-30 14:42:38,100 - ecommerce_crawler - INFO - Found product URL: https://www.virgio.com/products/date-classy-black-lycra-satin-skirt
2025-03-30 14:42:51,337 - ecommerce_crawler - INFO - Found product URL: https://www.virgio.com/products/utility-chic-stylish-cotton-midi-skirt
2025-03-30 14:42:51,337 - ecommerce_crawler - INFO - Found product URL: https://www.virgio.com/products/nubohem-breathable-cotton-tiered-skirt-with-smocked-waist?_pos=1&_psq=Tiered%20Skirt&_ss=e&_v=1.0
2025-03-30 14:42:51,337 - ecommerce_crawler - INFO - Found product URL: https://www.virgio.com/products/glam-lycra-satin-floral-shorts
2025-03-30 14:42:51,337 - ecommerce_crawler - INFO - Found product URL: https://www.virgio.com/products/utility-chic-easy-cotton-cargo-bermudas
2025-03-30 14:42:51,337 - ecommerce_crawler - INFO - Found product URL: https://www.virgio.com/products/elevated-essentials-glam-poly-blend-high-waist-shorts
2025-03-30 14:42:51,337 - ecommerce_crawler - INFO - Found product URL: https://www.virgio.com/products/elevated-essential-h1-easy-knit-regular-t-shirt
2025-03-30 14:42:51,337 - ecommerce_crawler - INFO - Found product URL: https://www.virgio.com/products/reworked-chic-lycra-solid-shorts-with-slant-pockets
2025-03-30 14:42:51,337 - ecommerce_crawler - INFO - Found product URL: https://www.virgio.com/products/linenluxe-comfy-relaxed-shorts
2025-03-30 14:42:51,337 - ecommerce_crawler - INFO - Found product URL: https://www.virgio.com/products/ss24-sleek-cotton-paper-bag-shorts-with-slant-pockets
2025-03-30 14:42:51,337 - ecommerce_crawler - INFO - Found product URL: https://www.virgio.com/products/ss24-classy-cotton-cropped-shirt-and-shorts-coord-set
2025-03-30 14:42:51,337 - ecommerce_crawler - INFO - Found product URL: https://www.virgio.com/products/elevated-essentials-sleek-poly-blend-high-waist-shorts
2025-03-30 14:42:51,348 - ecommerce_crawler - INFO - Found product URL: https://www.virgio.com/products/elevated-essentials-versatile-poly-blend-high-waist-shorts
2025-03-30 14:42:51,348 - ecommerce_crawler - INFO - Found product URL: https://www.virgio.com/products/denimdaze-relax-fit-denim-jacket
2025-03-30 14:42:51,349 - ecommerce_crawler - INFO - Found product URL: https://www.virgio.com/products/denimdaze-edgy-denim-crop-jacket
2025-03-30 14:42:51,349 - ecommerce_crawler - INFO - Found product URL: https://www.virgio.com/products/ss24-cool-cotton-jacket-with-adjustable-waist
2025-03-30 14:42:51,349 - ecommerce_crawler - INFO - Found product URL: https://www.virgio.com/products/reworked-shirt-with-tieup-detail-at-waist
2025-03-30 14:42:51,349 - ecommerce_crawler - INFO - Found product URL: https://www.virgio.com/products/ss24-structured-cotton-shirt-with-oversized-collar
2025-03-30 14:42:51,350 - ecommerce_crawler - INFO - Found product URL: https://www.virgio.com/products/elevated-essentials-chic-straight-leg-trousers-with-front-pockets
2025-03-30 14:42:51,350 - ecommerce_crawler - INFO - Found product URL: https://www.virgio.com/products/date-comfy-lycra-satin-black-shirt?_pos=3&_psq=satin%20&_ss=e&_v=1.0
2025-03-30 14:42:51,351 - ecommerce_crawler - INFO - Found product URL: https://www.virgio.com/products/denim-daze-hit2-denim-low-rise-pants
2025-03-30 14:42:51,351 - ecommerce_crawler - INFO - Found product URL: https://www.virgio.com/products/elevated-essential-h1-cool-knit-boxy-t-shirt
2025-03-30 14:42:51,351 - ecommerce_crawler - INFO - Found product URL: https://www.virgio.com/products/veronicas-flowy-viscose-floral-midi-dress
2025-03-30 14:42:51,352 - ecommerce_crawler - INFO - Found product URL: https://www.virgio.com/products/veronicas-airy-viscose-solid-blue-shirt
2025-03-30 14:43:02,801 - ecommerce_crawler - INFO - Found product URL: https://www.virgio.com/products/veronicas-chic-cotton-front-open-sleeveless-dress
2025-03-30 14:43:02,801 - ecommerce_crawler - INFO - Found product URL: https://www.virgio.com/products/veronicas-airy-viscose-solid-white-shirt
2025-03-30 14:43:02,801 - ecommerce_crawler - INFO - Found product URL: https://www.virgio.com/products/utility-chic-cool-cotton-cargo-pants
2025-03-30 14:43:02,801 - ecommerce_crawler - INFO - Found product URL: https://www.virgio.com/products/utility-chic-soft-cotton-parachute-pants
2025-03-30 14:43:02,801 - ecommerce_crawler - INFO - Found product URL: https://www.virgio.com/products/elevated-essentials-comfy-wide-leg-trouser
2025-03-30 14:43:02,801 - ecommerce_crawler - INFO - Found product URL: https://www.virgio.com/products/linenluxe-airy-flared-pants
2025-03-30 14:43:02,801 - ecommerce_crawler - INFO - Found product URL: https://www.virgio.com/products/linenluxe-breathable-straight-pants
2025-03-30 14:43:02,801 - ecommerce_crawler - INFO - Found product URL: https://www.virgio.com/products/linenluxe-comfy-relaxed-trousers
2025-03-30 14:43:02,801 - ecommerce_crawler - INFO - Found product URL: https://www.virgio.com/products/nubohem-classy-cotton-straight-leg-culottes
2025-03-30 14:43:02,811 - ecommerce_crawler - INFO - Found product URL: https://www.virgio.com/products/red-checkered-midi-wrap-dress-with-pockets
2025-03-30 14:43:02,811 - ecommerce_crawler - INFO - Found product URL: https://www.virgio.com/products/polka-dot-serenade-fantasy-with-pockets
2025-03-30 14:43:02,812 - ecommerce_crawler - INFO - Found product URL: https://www.virgio.com/products/reworked-stripe-shirt-with-high-low-hem
2025-03-30 14:43:02,812 - ecommerce_crawler - INFO - Found product URL: https://www.virgio.com/products/ss24-airy-cotton-straight-pants-with-pockets
2025-03-30 14:43:02,812 - ecommerce_crawler - INFO - Found product URL: https://www.virgio.com/products/upcycle-polka-dot-ruffle-set
2025-03-30 14:43:02,813 - ecommerce_crawler - INFO - Found product URL: https://www.virgio.com/products/upcycle-statement-bandeau-top
2025-03-30 14:43:02,813 - ecommerce_crawler - INFO - Found product URL: https://www.virgio.com/products/upcycle-floral-wrap-set
2025-03-30 14:43:02,813 - ecommerce_crawler - INFO - Found product URL: https://www.virgio.com/products/upcycle-baby-blue-printed-co-ord-set
2025-03-30 14:43:02,813 - ecommerce_crawler - INFO - Found product URL: https://www.virgio.com/products/floral-embroidered-mini-dress-with-puff-sleeves
2025-03-30 14:43:02,814 - ecommerce_crawler - INFO - Found product URL: https://www.virgio.com/products/fit-and-flare-dress-with-blouson-sleeve
2025-03-30 14:43:02,814 - ecommerce_crawler - INFO - Found product URL: https://www.virgio.com/products/slub-chic-embroidery-dress
2025-03-30 14:43:02,815 - ecommerce_crawler - INFO - Found product URL: https://www.virgio.com/products/belted-schiffli-dress-with-puff-sleeves
2025-03-30 14:43:02,815 - ecommerce_crawler - INFO - Found product URL: https://www.virgio.com/products/veronicas-sleek-cotton-front-tie-up-shirt
2025-03-30 14:43:02,816 - ecommerce_crawler - INFO - Found product URL: https://www.virgio.com/products/linenluxe-breathable-cotton-shirt
2025-03-30 14:43:02,816 - ecommerce_crawler - INFO - Found product URL: https://www.virgio.com/products/ss24-smart-cotton-cropped-shirt-with-tie-up-wais
2025-03-30 14:43:02,817 - ecommerce_crawler - INFO - Found product URL: https://www.virgio.com/products/ss24-comfy-cotton-pintucks-midi-dress
2025-03-30 14:43:02,818 - ecommerce_crawler - INFO - Found product URL: https://www.virgio.com/products/v-neck-dress-with-blouson-sleeves
2025-03-30 14:43:02,818 - ecommerce_crawler - INFO - Found product URL: https://www.virgio.com/products/elevated-essentials-classy-striped-cropped-denim-shirt
2025-03-30 14:43:02,819 - ecommerce_crawler - INFO - Found product URL: https://www.virgio.com/products/reworked-comfy-cotton-ankle-length-parachute-trousers
2025-03-30 14:43:02,819 - ecommerce_crawler - INFO - Found product URL: https://www.virgio.com/products/classy-recycled-polyester-strappy-floral-dress
2025-03-30 14:43:16,412 - ecommerce_crawler - INFO - Found product URL: https://www.virgio.com/products/orange-bodycon-dress-with-corsage-sleeve
2025-03-30 14:43:16,412 - ecommerce_crawler - INFO - Found product URL: https://www.virgio.com/products/zesty-zinnia-lace-up-dress
2025-03-30 14:43:16,412 - ecommerce_crawler - INFO - Found product URL: https://www.virgio.com/products/blue-solid-midi-shirt-dress?_pos=1&_psq=Luxurious%20blue%20lyocell%20midi%20shirt%20dress&_ss=e&_v=1.0
2025-03-30 14:43:16,412 - ecommerce_crawler - INFO - Found product URL: https://www.virgio.com/products/nubohem-chic-cotton-fit-flare-dress-with-flutter-sleeves
2025-03-30 14:43:16,412 - ecommerce_crawler - INFO - Found product URL: https://www.virgio.com/products/abstract-aura-button-front-dress-wih-pockets
2025-03-30 14:43:16,412 - ecommerce_crawler - INFO - Found product URL: https://www.virgio.com/products/knot-so-average-shirt-dress
2025-03-30 14:43:16,421 - ecommerce_crawler - INFO - Found product URL: https://www.virgio.com/products/blushing-pink-shirt-dress
2025-03-30 14:43:16,421 - ecommerce_crawler - INFO - Found product URL: https://www.virgio.com/products/veronicas-sleek-cotton-checked-co-ords
2025-03-30 14:43:16,421 - ecommerce_crawler - INFO - Found product URL: https://www.virgio.com/products/veronicas-sleek-cotton-checked-top
2025-03-30 14:43:16,421 - ecommerce_crawler - INFO - Found product URL: https://www.virgio.com/products/veronicas-sleek-cotton-checked-skirt
2025-03-30 14:43:16,422 - ecommerce_crawler - INFO - Found product URL: https://www.virgio.com/products/moonlit-midnight-dress-with-pockets
2025-03-30 14:43:16,422 - ecommerce_crawler - INFO - Found product URL: https://www.virgio.com/products/mini-geo-print-wrap-dress
2025-03-30 14:43:16,422 - ecommerce_crawler - INFO - Found product URL: https://www.virgio.com/products/sultry-recycled-polyester-floral-top
2025-03-30 14:43:16,422 - ecommerce_crawler - INFO - Found product URL: https://www.virgio.com/products/floral-classy-recycled-polyester-strappy-floral-dress
2025-03-30 14:43:16,423 - ecommerce_crawler - INFO - Found product URL: https://www.virgio.com/products/reworked-tier-dress-with-smocking-detail
2025-03-30 14:43:16,424 - ecommerce_crawler - INFO - Found product URL: https://www.virgio.com/products/nubohem-elegant-cotton-elasticated-waist-mini-dress
2025-03-30 14:43:16,424 - ecommerce_crawler - INFO - Found product URL: https://www.virgio.com/products/nubohem-cute-cotton-shoulder-tie-up-mini-dress
2025-03-30 14:43:16,425 - ecommerce_crawler - INFO - Found product URL: https://www.virgio.com/products/nubohem-breathable-cotton-tube-dress-with-detachable-straps
2025-03-30 14:43:16,425 - ecommerce_crawler - INFO - Found product URL: https://www.virgio.com/products/nubohem-versatile-cotton-cowl-sleeve-mini-dress
2025-03-30 14:43:16,425 - ecommerce_crawler - INFO - Found product URL: https://www.virgio.com/products/nubohem-gorgeous-cotton-tube-dress-with-detachable-straps
2025-03-30 14:43:16,426 - ecommerce_crawler - INFO - Found product URL: https://www.virgio.com/products/poplin-ditsy-sunshine-with-pockets
2025-03-30 14:43:16,426 - ecommerce_crawler - INFO - Found product URL: https://www.virgio.com/products/black-smocked-waist-fit-flare-dress
2025-03-30 14:43:16,426 - ecommerce_crawler - INFO - Found product URL: https://www.virgio.com/products/nubohem-stylish-cotton-crop-top-with-flared-skirt
2025-03-30 14:43:16,426 - ecommerce_crawler - INFO - Found product URL: https://www.virgio.com/products/blushing-pink-shirt-dress?_pos=1&_psq=linen&_ss=e&_v=1.0
2025-03-30 14:43:27,984 - ecommerce_crawler - INFO - Found product URL: https://www.virgio.com/products/knot-so-average-shirt-dress?_pos=2&_psq=linen&_ss=e&_v=1.0
2025-03-30 14:43:27,984 - ecommerce_crawler - INFO - Found product URL: https://www.virgio.com/products/ss24-elegant-cotton-pintucks-midi-dress
2025-03-30 14:43:27,984 - ecommerce_crawler - INFO - Found product URL: https://www.virgio.com/products/ss24-elegant-poly-moss-shoulder-tie-up-midi-dress
2025-03-30 14:43:27,984 - ecommerce_crawler - INFO - Found product URL: https://www.virgio.com/products/ss24-glam-viscose-strappy-a-line-dress
2025-03-30 14:43:27,984 - ecommerce_crawler - INFO - Found product URL: https://www.virgio.com/products/ruffle-trimmed-round-neck-sundress-with-pockets
2025-03-30 14:43:27,984 - ecommerce_crawler - INFO - Found product URL: https://www.virgio.com/products/floral-front-tie-up-dress-with-pockets
2025-03-30 14:43:27,984 - ecommerce_crawler - INFO - Found product URL: https://www.virgio.com/products/pantone-strappy-mini-lace-dress
2025-03-30 14:43:27,984 - ecommerce_crawler - INFO - Found product URL: https://www.virgio.com/products/flat-knit-china-cotton-multicolour-knit-top
2025-03-30 14:43:27,984 - ecommerce_crawler - INFO - Found product URL: https://www.virgio.com/products/flat-knit-china-red-knit-strappy-crop-top
2025-03-30 14:43:27,984 - ecommerce_crawler - INFO - Found product URL: https://www.virgio.com/products/flat-knit-china-black-achromatic-strap-top
2025-03-30 14:43:27,984 - ecommerce_crawler - INFO - Found product URL: https://www.virgio.com/products/flat-knit-china-pink-crop-cotton-cardigan
2025-03-30 14:43:27,984 - ecommerce_crawler - INFO - Found product URL: https://www.virgio.com/products/flat-knit-china-cream-crop-cotton-cardigan
2025-03-30 14:43:27,996 - ecommerce_crawler - INFO - Found product URL: https://www.virgio.com/products/flat-knit-china-purple-achromatic-strap-top
2025-03-30 14:43:27,996 - ecommerce_crawler - INFO - Found product URL: https://www.virgio.com/products/flat-knit-china-strappy-square-neck-top
2025-03-30 14:43:27,996 - ecommerce_crawler - INFO - Found product URL: https://www.virgio.com/products/flat-knit-china-knitted-strappy-crop-top
2025-03-30 14:43:27,996 - ecommerce_crawler - INFO - Found product URL: https://www.virgio.com/products/utility-chic-jacket-black-utilitarian-shacket
2025-03-30 14:43:27,997 - ecommerce_crawler - INFO - Found product URL: https://www.virgio.com/products/utility-chic-jacket-cropped-trench-coat-cape
2025-03-30 14:43:27,997 - ecommerce_crawler - INFO - Found product URL: https://www.virgio.com/products/utility-chic-jacket-utility-jacket-with-flange
2025-03-30 14:43:27,997 - ecommerce_crawler - INFO - Found product URL: https://www.virgio.com/products/utility-chic-jacket-navy-blue-cropped-jacket
2025-03-30 14:43:27,997 - ecommerce_crawler - INFO - Found product URL: https://www.virgio.com/products/utility-chic-jacket-beige-cropped-trench-coat
2025-03-30 14:43:27,997 - ecommerce_crawler - INFO - Found product URL: https://www.virgio.com/products/light-winter-red-front-tie-top
2025-03-30 14:43:27,997 - ecommerce_crawler - INFO - Found product URL: https://www.virgio.com/products/light-winter-green-knit-raglan-sleeve-top
2025-03-30 14:43:27,998 - ecommerce_crawler - INFO - Found product URL: https://www.virgio.com/products/light-winter-front-open-tie-up-top
2025-03-30 14:43:27,998 - ecommerce_crawler - INFO - Found product URL: https://www.virgio.com/products/light-winter-v-neck-sleeveless-boxy-top
2025-03-30 14:43:27,998 - ecommerce_crawler - INFO - Found product URL: https://www.virgio.com/products/light-winter-green-full-sleeve-crop-top
2025-03-30 14:43:27,998 - ecommerce_crawler - INFO - Found product URL: https://www.virgio.com/products/artisans-aura-jaipur-hand-block-print-crop-top
2025-03-30 14:43:27,999 - ecommerce_crawler - INFO - Found product URL: https://www.virgio.com/products/artisans-aura-jaipur-hand-block-print-elasticated-waist-top
2025-03-30 14:43:27,999 - ecommerce_crawler - INFO - Found product URL: https://www.virgio.com/products/party-wear-black-embellished-midi-dress
2025-03-30 14:43:28,000 - ecommerce_crawler - INFO - Found product URL: https://www.virgio.com/products/party-wear-maroon-embellished-midi-dress
2025-03-30 14:43:28,000 - ecommerce_crawler - INFO - Found product URL: https://www.virgio.com/products/autumn-pop-purple-tie-detail-dress
2025-03-30 14:43:28,000 - ecommerce_crawler - INFO - Found product URL: https://www.virgio.com/products/academic-edge-hit1-off-shoulder-sweatshirt
2025-03-30 14:43:28,000 - ecommerce_crawler - INFO - Found product URL: https://www.virgio.com/products/academic-edge-hit1-cropped-boxy-pink-hoodie
2025-03-30 14:43:28,001 - ecommerce_crawler - INFO - Found product URL: https://www.virgio.com/products/autumn-pop-green-milkmaid-midi-dress
2025-03-30 14:43:43,162 - ecommerce_crawler - INFO - Found product URL: https://www.virgio.com/products/denim-daze-hit4-peplum-denim-cami-top
2025-03-30 14:43:43,178 - ecommerce_crawler - INFO - Found product URL: https://www.virgio.com/products/ss24-soft-viscose-floral-coord-set
2025-03-30 14:43:43,178 - ecommerce_crawler - INFO - Found product URL: https://www.virgio.com/products/sultry-recycled-polyester-floral-co-ord-set
2025-03-30 14:43:43,178 - ecommerce_crawler - INFO - Found product URL: https://www.virgio.com/products/glam-lycra-satin-floral-co-ord-set
2025-03-30 14:43:43,178 - ecommerce_crawler - INFO - Found product URL: https://www.virgio.com/products/glam-lycra-satin-co-ord-set
2025-03-30 14:43:43,178 - ecommerce_crawler - INFO - Found product URL: https://www.virgio.com/products/veronicas-vintage-cotton-checked-co-ords
2025-03-30 14:43:43,178 - ecommerce_crawler - INFO - Found product URL: https://www.virgio.com/products/veronicas-comfy-cotton-checked-co-ords
2025-03-30 14:43:43,178 - ecommerce_crawler - INFO - Found product URL: https://www.virgio.com/products/veronicas-breezy-cotton-checked-co-ords
2025-03-30 14:43:43,178 - ecommerce_crawler - INFO - Found product URL: https://www.virgio.com/products/linenluxe-wrap-top-flared-pant
2025-03-30 14:43:43,178 - ecommerce_crawler - INFO - Found product URL: https://www.virgio.com/products/linenluxe-chic-floral-co-ord-set
2025-03-30 14:43:43,178 - ecommerce_crawler - INFO - Found product URL: https://www.virgio.com/products/utility-chic-classy-cotton-co-ord-set
2025-03-30 14:43:43,178 - ecommerce_crawler - INFO - Found product URL: https://www.virgio.com/products/utility-chic-cotton-camo-co-ord-set
2025-03-30 14:43:43,184 - ecommerce_crawler - INFO - Found product URL: https://www.virgio.com/products/upcycle-blue-waist-coat-co-ord-set
2025-03-30 14:43:43,184 - ecommerce_crawler - INFO - Found product URL: https://www.virgio.com/products/nubohem-airy-cotton-puff-sleeve-crop-top-with-maxi-skirt
2025-03-30 14:43:43,184 - ecommerce_crawler - INFO - Found product URL: https://www.virgio.com/products/ss24-comfy-cotton-straight-pants-and-sleeveless-top-coord-set
2025-03-30 14:43:43,185 - ecommerce_crawler - INFO - Found product URL: https://www.virgio.com/products/milanka-sleek-solid-cotton-co-ords
2025-03-30 14:43:43,185 - ecommerce_crawler - INFO - Found product URL: https://www.virgio.com/products/chic-lycra-satin-floral-co-ord-set
2025-03-30 14:43:43,186 - ecommerce_crawler - INFO - Found product URL: https://www.virgio.com/products/rose-revival-denim-flared-trousers
2025-03-30 14:43:43,186 - ecommerce_crawler - INFO - Found product URL: https://www.virgio.com/products/rose-revival-cotton-front-pleated-jeans
2025-03-30 14:43:43,186 - ecommerce_crawler - INFO - Found product URL: https://www.virgio.com/products/rose-revival-viscose-knotted-wrap-pants
2025-03-30 14:43:43,186 - ecommerce_crawler - INFO - Found product URL: https://www.virgio.com/products/rose-revival-viscose-overlap-wrap-pants
2025-03-30 14:43:43,187 - ecommerce_crawler - INFO - Found product URL: https://www.virgio.com/products/rose-revival-olive-flared-denims
2025-03-30 14:43:43,187 - ecommerce_crawler - INFO - Found product URL: https://www.virgio.com/products/rose-revival-cotton-flared-pleated-jeans
2025-03-30 14:43:43,187 - ecommerce_crawler - INFO - Found product URL: https://www.virgio.com/products/9to9-rescued-poly-checked-pants
2025-03-30 14:43:43,188 - ecommerce_crawler - INFO - Found product URL: https://www.virgio.com/products/9to9-rescued-poly-grey-trousers
2025-03-30 14:43:43,188 - ecommerce_crawler - INFO - Found product URL: https://www.virgio.com/products/9to9-rescued-poly-pleat-midi
2025-03-30 14:43:55,441 - ecommerce_crawler - INFO - Found product URL: https://www.virgio.com/products/youth-linen-cotton-tapered-trousers
2025-03-30 14:43:55,441 - ecommerce_crawler - INFO - Found product URL: https://www.virgio.com/products/youth-linen-cotton-linen-trouser
2025-03-30 14:43:55,441 - ecommerce_crawler - INFO - Found product URL: https://www.virgio.com/products/denim-daze-hit3-drop-shoulder-trucker-jacket
2025-03-30 14:43:55,441 - ecommerce_crawler - INFO - Found product URL: https://www.virgio.com/products/day-dress-hit2-cotton-plaid-shacket
2025-03-30 14:43:55,441 - ecommerce_crawler - INFO - Found product URL: https://www.virgio.com/products/denim-daze-hit3-denim-pintuck-crop-shirt
2025-03-30 14:43:55,441 - ecommerce_crawler - INFO - Found product URL: https://www.virgio.com/products/day-dress-hit2-blue-oversized-plaid-shirt
2025-03-30 14:43:55,441 - ecommerce_crawler - INFO - Found product URL: https://www.virgio.com/products/vintage-vogue-puff-sleeved-front-tie-top
2025-03-30 14:43:55,441 - ecommerce_crawler - INFO - Found product URL: https://www.virgio.com/products/day-dress-hit2-green-cropped-plaid-shacket
2025-03-30 14:43:55,441 - ecommerce_crawler - INFO - Found product URL: https://www.virgio.com/products/denim-daze-hit3-dark-blue-denim-crop-shirt
2025-03-30 14:43:55,441 - ecommerce_crawler - INFO - Found product URL: https://www.virgio.com/products/denim-daze-hit3-dark-blue-denim-shirt
2025-03-30 14:43:55,441 - ecommerce_crawler - INFO - Found product URL: https://www.virgio.com/products/9to9-cotton-regular-shirt
2025-03-30 14:43:55,441 - ecommerce_crawler - INFO - Found product URL: https://www.virgio.com/products/9to9-rescued-poly-v-neck-blouse
2025-03-30 14:43:55,451 - ecommerce_crawler - INFO - Found product URL: https://www.virgio.com/products/9to9-poly-satin-printed-shirt
2025-03-30 14:43:55,451 - ecommerce_crawler - INFO - Found product URL: https://www.virgio.com/products/posh-in-polka-cotton-printed-ruffle-top
2025-03-30 14:43:55,452 - ecommerce_crawler - INFO - Found product URL: https://www.virgio.com/products/nubohem-edith-broderie-anglais-shirt
2025-03-30 14:43:55,452 - ecommerce_crawler - INFO - Found product URL: https://www.virgio.com/products/nubohem-ingrid-broderie-anglais-shirt
2025-03-30 14:43:55,452 - ecommerce_crawler - INFO - Found product URL: https://www.virgio.com/products/poppy-poplin-versatile-cotton-shirt
2025-03-30 14:43:55,453 - ecommerce_crawler - INFO - Found product URL: https://www.virgio.com/products/9to9-eco-ruffle-poly-blouse
2025-03-30 14:43:55,453 - ecommerce_crawler - INFO - Found product URL: https://www.virgio.com/products/9to9-rescued-poly-ruffle-blouse
2025-03-30 14:43:55,453 - ecommerce_crawler - INFO - Found product URL: https://www.virgio.com/products/9to9-viscose-high-low-hem-shirt
2025-03-30 14:43:55,453 - ecommerce_crawler - INFO - Found product URL: https://www.virgio.com/products/9to9-poly-satin-regular-shirt
2025-03-30 14:43:55,454 - ecommerce_crawler - INFO - Found product URL: https://www.virgio.com/products/reworked-shirt-debonair-cotton-crop-shirt
2025-03-30 14:43:55,454 - ecommerce_crawler - INFO - Found product URL: https://www.virgio.com/products/reworked-shirt-urbane-cotton-crop-shirt
2025-03-30 14:43:55,454 - ecommerce_crawler - INFO - Found product URL: https://www.virgio.com/products/date-comfy-lycra-satin-black-shirt
2025-03-30 14:43:55,454 - ecommerce_crawler - INFO - Found product URL: https://www.virgio.com/products/date-sizzling-black-corset-top
2025-03-30 14:43:55,455 - ecommerce_crawler - INFO - Found product URL: https://www.virgio.com/products/date-slinky-red-corset-top
2025-03-30 14:43:55,455 - ecommerce_crawler - INFO - Found product URL: https://www.virgio.com/products/9to9-rescued-poly-tie-up-pants
2025-03-30 14:43:55,456 - ecommerce_crawler - INFO - Found product URL: https://www.virgio.com/products/9to9-eco-checked-poly-pants
2025-03-30 14:43:55,456 - ecommerce_crawler - INFO - Found product URL: https://www.virgio.com/products/9to9-rescued-poly-brown-pants
2025-03-30 14:43:55,457 - ecommerce_crawler - INFO - Found product URL: https://www.virgio.com/products/9to9-rescued-poly-black-pants
2025-03-30 14:43:55,457 - ecommerce_crawler - INFO - Found product URL: https://www.virgio.com/products/9to9-rescued-poly-straight-pants
2025-03-30 14:43:55,457 - ecommerce_crawler - INFO - Found product URL: https://www.virgio.com/products/9to9-rescued-poly-flared-pants
2025-03-30 14:43:55,457 - ecommerce_crawler - INFO - Found product URL: https://www.virgio.com/products/9to9-rescued-poly-tapered-pants
2025-03-30 14:44:11,828 - ecommerce_crawler - INFO - Completed crawl for https://www.virgio.com/ in 323.12 seconds
2025-03-30 14:44:11,828 - ecommerce_crawler - INFO - Visited 794 URLs, found 636 product URLs
2025-03-30 14:44:11,828 - ecommerce_crawler - INFO - Starting crawl for domain: https://www.tatacliq.com/
2025-03-30 14:44:12,893 - ecommerce_crawler - INFO - Completed crawl for https://www.tatacliq.com/ in 1.07 seconds
2025-03-30 14:44:12,893 - ecommerce_crawler - INFO - Visited 1 URLs, found 0 product URLs
2025-03-30 14:44:12,893 - ecommerce_crawler - INFO - Starting crawl for domain: https://nykaafashion.com/
2025-03-30 14:44:24,062 - ecommerce_crawler - WARNING - Failed to fetch https://nykaafashion.com/: HTTP 403
2025-03-30 14:44:25,074 - ecommerce_crawler - INFO - Completed crawl for https://nykaafashion.com/ in 12.18 seconds
2025-03-30 14:44:25,074 - ecommerce_crawler - INFO - Visited 1 URLs, found 0 product URLs
2025-03-30 14:44:25,074 - ecommerce_crawler - INFO - Starting crawl for domain: https://www.westside.com/
2025-03-30 14:45:38,348 - ecommerce_crawler - INFO - Completed crawl for https://www.westside.com/ in 73.27 seconds
2025-03-30 14:45:38,349 - ecommerce_crawler - INFO - Visited 214 URLs, found 0 product URLs
2025-03-30 14:45:38,364 - ecommerce_crawler - INFO - Results saved to product_urls.json
2025-03-30 14:45:38,367 - ecommerce_crawler - INFO - Domain results saved to results/www_virgio_com_products.json
2025-03-30 14:45:38,367 - ecommerce_crawler - INFO - Domain results saved to results/www_tatacliq_com_products.json
2025-03-30 14:45:38,368 - ecommerce_crawler - INFO - Domain results saved to results/nykaafashion_com_products.json
2025-03-30 14:45:38,369 - ecommerce_crawler - INFO - Domain results saved to results/www_westside_com_products.json
